PENTAD,INDEX_4,INDEX_8,INDEX_9
19790103,-0.47,-0.06,0.87
19790108,0.33,-0.7,-0.08
19790113,0.04,-0.78,0.62
19790118,0.1,-0.98,0.73
19790123,1.74,-1.74,-1.51
19790128,0.96,-0.72,-1.04
19790202,0.32,-0.17,-0.4
19790207,0.6,-0.21,-0.89
19790212,-0.13,0.72,-0.48
19790217,-0.06,0.46,-0.37
19790222,0.04,0.19,-0.23
19790227,-0.32,0.38,0.15
19790304,-0.41,0.54,0.24
19790309,-1.06,1.06,0.91
19790314,-1.6,1.36,1.52
19790319,-0.05,-0.36,0.51
19790324,1.2,-1.15,-1.06
19790329,-0.35,0.63,0.02
19790403,-0.1,0.36,-0.15
19790408,-0.31,0.92,-0.4
19790413,-2.39,2.17,2.31
19790418,-0.41,-0.47,1.27
19790423,1.74,-2.1,-0.96
19790428,1.61,-1.29,-1.7
19790503,0.05,0.57,-0.8
19790508,-0.81,1.13,0.3
19790513,-1.35,1.23,1.23
19790518,-1.44,0.82,1.69
19790523,0.05,-0.61,0.44
19790528,1.23,-1.59,-0.66
19790602,1.94,-2.05,-1.5
19790607,2.04,-1.64,-2.19
19790612,1.04,-0.56,-1.51
19790617,0.02,0.64,-0.81
19790622,-0.86,1.28,0.22
19790627,-1.13,1.22,0.82
19790702,-1.02,0.66,1.25
19790707,0.51,-1.07,0.21
19790712,1.56,-1.93,-0.96
19790717,1.26,-1.47,-0.81
19790722,1.65,-1.4,-1.64
19790727,0.26,0.08,-0.65
19790801,-1.12,1.16,0.85
19790806,-2.25,1.86,2.18
19790811,-1.2,0.34,1.84
19790816,-0.27,-0.58,1.11
19790821,1.92,-2.26,-1.25
19790826,2.57,-2.63,-2.09
19790831,2.28,-2.21,-1.98
19790905,1.8,-1.67,-1.57
19790910,1.18,-0.93,-1.18
19790915,1.53,-1.2,-1.53
19790920,0.8,-0.33,-1.18
19790925,-1.51,1.83,0.83
19790930,-2.64,2.28,2.54
19791005,-2.17,1.53,2.36
19791010,-0.31,-0.09,0.62
19791015,0.67,-0.93,-0.34
19791020,1.5,-1.83,-0.94
19791025,1.29,-1.35,-0.95
19791030,0.67,-0.64,-0.69
19791104,0.26,0.24,-0.78
19791109,0.34,-0.21,-0.45
19791114,0.78,-0.64,-0.73
19791119,0.5,-0.02,-0.92
19791124,-1.17,1.66,0.54
19791129,-1.1,1.27,0.79
19791204,-1.52,1.31,1.47
19791209,-1.26,0.83,1.46
19791214,-0.09,-0.36,0.64
19791219,1,-1.04,-0.73
19791224,-0.07,0.2,-0.15
19791229,-0.32,0.68,-0.08
19800103,-0.75,0.74,0.68
19800108,-0.59,0.31,0.88
19800113,0.06,-0.43,0.44
19800118,0.87,-0.78,-0.83
19800123,0.27,0.14,-0.6
19800128,-0.6,0.73,0.38
19800202,-0.55,-0.06,1.09
19800207,0.09,-0.81,0.57
19800212,0.18,-0.67,0.35
19800217,1.13,-1.55,-0.51
19800222,0.6,-0.91,-0.19
19800227,0.66,-0.49,-0.72
19800304,-0.18,0.42,-0.07
19800309,-1.35,1.7,0.73
19800314,-1.85,1.76,1.69
19800319,-1.71,0.94,2.15
19800324,-1.93,1.09,2.44
19800329,-0.18,-0.73,1.2
19800403,1.44,-1.94,-0.6
19800408,1.48,-1.33,-1.29
19800413,0.2,0.52,-1.02
19800418,-2.12,2.06,1.73
19800423,-1.24,0.5,1.89
19800428,-0.05,-0.27,0.43
19800503,-0.22,0.36,0.07
19800508,-0.76,0.85,0.6
19800513,-0.69,0.37,1
19800518,-0.09,0.03,0.16
19800523,-0.23,0.33,0.14
19800528,0.17,-0.09,-0.17
19800602,0.35,-0.21,-0.41
19800607,-0.29,0.17,0.43
19800612,-0.32,0.05,0.61
19800617,0.41,-0.42,-0.28
19800622,-0.28,0.5,0.03
19800627,-0.88,0.95,0.62
19800702,-1.76,1.69,1.47
19800707,-1.58,1.18,1.7
19800712,-0.37,0.3,0.41
19800717,-0.3,0.34,0.15
19800722,0.54,-0.42,-0.6
19800727,0.7,-0.43,-0.83
19800801,0.35,-0.1,-0.52
19800806,0.2,-0.17,-0.18
19800811,0.63,-0.69,-0.43
19800816,0.57,-0.46,-0.64
19800821,-0.47,0.91,-0.08
19800826,-1.55,1.69,1.14
19800831,-0.81,0.82,0.65
19800905,-0.94,1.16,0.5
19800910,-1.55,1.25,1.61
19800915,-0.77,0.3,1.13
19800920,0.9,-0.93,-0.6
19800925,0.36,-0.3,-0.36
19800930,0.06,-0.24,0.15
19801005,0.66,-0.63,-0.44
19801010,0.46,-0.13,-0.69
19801015,-0.16,0.44,-0.15
19801020,-1.44,1.4,1.13
19801025,-1.97,1.63,1.94
19801030,-0.39,-0.11,0.83
19801104,0.64,-0.96,-0.15
19801109,0.37,-0.57,-0.13
19801114,0.28,-0.07,-0.42
19801119,-0.27,0.48,0.07
19801124,-0.66,0.34,0.95
19801129,0.19,-0.28,-0.01
19801204,-0.62,0.62,0.49
19801209,-1.15,1.27,0.83
19801214,-0.23,0.3,0.06
19801219,-0.68,0.47,0.82
19801224,-0.24,0.08,0.38
19801229,-0.17,0.1,0.23
19810103,-0.74,0.82,0.57
19810108,-0.83,0.57,0.96
19810113,-0.82,0.43,1.01
19810118,-0.27,-0.7,1.16
19810123,0.21,-0.35,-0.06
19810128,-1.33,1.22,1.22
19810202,-1.41,0.99,1.66
19810207,-0.99,0.41,1.39
19810212,-0.68,0.28,0.98
19810217,-0.35,-0.18,0.87
19810222,-0.38,-0.21,0.94
19810227,-0.98,0.53,1.28
19810304,0.54,-1.11,0.15
19810309,0.55,-1.01,0.04
19810314,1.89,-2.33,-1.13
19810319,2.36,-2.52,-1.74
19810324,1.53,-0.95,-1.82
19810329,0.06,0.88,-1.05
19810403,-1.98,2.74,0.92
19810408,-2.38,2.55,1.98
19810413,-1.59,0.8,2.31
19810418,-0.3,-0.24,0.8
19810423,-0.62,0.29,0.82
19810428,0.68,-1.18,0.03
19810503,1.62,-1.54,-1.43
19810508,1.02,-0.76,-1.06
19810513,-0.5,1.01,-0.14
19810518,-0.62,0.95,0.29
19810523,-0.71,0.48,0.89
19810528,-0.39,0.15,0.63
19810602,-0.3,0.01,0.6
19810607,-0.46,-0.16,1.02
19810612,-0.82,0.47,1.07
19810617,0.03,0.04,-0.05
19810622,-0.38,0.53,0.1
19810627,-0.45,0.5,0.32
19810702,-0.11,0.34,-0.12
19810707,-0.66,1.07,-0.01
19810712,-0.53,0.75,0.2
19810717,0.52,-0.12,-0.79
19810722,0.73,0.02,-1.53
19810727,-0.83,1.42,-0.12
19810801,-1.85,1.69,1.7
19810806,-1.05,0.49,1.44
19810811,-0.52,0.27,0.73
19810816,0.95,-0.95,-0.75
19810821,0.54,-0.63,-0.33
19810826,0.85,-1.07,-0.46
19810831,1.6,-1.54,-1.36
19810905,0.96,-0.4,-1.45
19810910,0.95,-0.3,-1.41
19810915,0,0.6,-0.62
19810920,-1.19,1.48,0.63
19810925,-1.3,1.39,0.98
19810930,-1.08,0.6,1.37
19811005,0.42,-0.76,0.05
19811010,1.09,-0.88,-1.08
19811015,-0.15,0.38,-0.13
19811020,-0.76,0.77,0.65
19811025,-0.55,0.53,0.55
19811030,-0.25,0.37,0.16
19811104,-1.12,1.31,0.74
19811109,-0.83,0.86,0.67
19811114,-0.5,0.03,0.89
19811119,0.15,-0.35,0.08
19811124,-0.61,0.65,0.5
19811129,-0.71,0.62,0.69
19811204,-0.72,0.78,0.51
19811209,-1.39,1.09,1.48
19811214,-0.66,0.13,1.12
19811219,0.16,-0.43,0.19
19811224,0.26,-0.44,-0.04
19811229,0.82,-0.82,-0.63
19820103,1.39,-1.24,-1.26
19820108,-0.1,0.3,-0.18
19820113,-0.63,0.62,0.49
19820118,-0.98,0.72,1
19820123,-0.01,-0.34,0.34
19820128,-0.19,0.32,-0.15
19820202,-0.78,0.62,0.88
19820207,-0.06,-0.36,0.48
19820212,-0.94,1.08,0.61
19820217,0.35,-0.36,-0.22
19820222,0.58,-0.58,-0.53
19820227,0.6,-0.4,-0.76
19820304,-0.44,0.59,0.24
19820309,-0.47,0.66,0.11
19820314,0.32,-0.02,-0.68
19820319,-0.75,0.94,0.38
19820324,-1.44,1.39,1.19
19820329,-1.64,1.11,1.89
19820403,-0.23,-0.34,0.78
19820408,1.03,-1.57,-0.23
19820413,1.73,-1.54,-1.66
19820418,0.12,0.31,-0.54
19820423,-0.72,1.18,0.07
19820428,-0.79,0.82,0.74
19820503,-1.11,0.87,1.14
19820508,-0.42,-0.09,0.84
19820513,0.09,-0.6,0.54
19820518,1.3,-1.68,-0.58
19820523,1.8,-1.89,-1.26
19820528,0.47,0.07,-0.96
19820602,-1.02,1.29,0.5
19820607,-0.55,0.15,0.94
19820612,0.49,-0.83,0.04
19820617,-0.08,-0.27,0.43
19820622,-0.71,0.43,0.82
19820627,-0.85,0.26,1.31
19820702,-0.73,0.04,1.35
19820707,-0.16,-0.36,0.7
19820712,-0.03,-0.45,0.58
19820717,-0.71,0.23,1.17
19820722,-1.19,0.48,1.73
19820727,-0.11,-0.2,0.49
19820801,-0.42,0.11,0.67
19820806,-0.2,0.13,0.26
19820811,-0.64,0.63,0.48
19820816,-1.27,1.14,1.22
19820821,-0.51,0.33,0.67
19820826,-1.06,0.67,1.25
19820831,-1.14,0.61,1.52
19820905,-0.52,0.01,1.01
19820910,-0.71,0.14,1.23
19820915,-0.12,-0.58,0.85
19820920,0.82,-1.38,0.02
19820925,0.44,-0.96,0.27
19820930,0.47,-0.94,0.16
19821005,0.93,-1.35,-0.36
19821010,1.04,-1.55,-0.34
19821015,0.52,-0.74,-0.2
19821020,0.58,-0.77,-0.2
19821025,1.08,-1.2,-0.61
19821030,1.14,-0.85,-1.2
19821104,0.24,-0.05,-0.25
19821109,-1.77,1.37,1.96
19821114,-0.78,0.07,1.43
19821119,1.07,-1.75,-0.03
19821124,2.16,-1.82,-2
19821129,0.5,0.14,-0.97
19821204,-0.35,0.1,0.66
19821209,0.39,-0.83,0.19
19821214,0.56,-0.59,-0.29
19821219,1.35,-1.13,-1.27
19821224,0.71,-0.25,-0.94
19821229,-0.14,0.24,0.06
19830103,-0.51,0.4,0.57
19830108,-1.03,0.57,1.35
19830113,-0.04,-0.8,0.84
19830118,1.14,-1.52,-0.56
19830123,0.7,-1.15,-0.1
19830128,0.76,-1.23,-0.07
19830202,0.81,-0.94,-0.44
19830207,1.09,-1.41,-0.54
19830212,0.53,-0.5,-0.55
19830217,-0.95,0.7,1.12
19830222,-1.17,0.38,1.91
19830227,0.24,-1.13,0.83
19830304,0.81,-1.65,0.25
19830309,0.29,-1,0.58
19830314,-0.06,-0.57,0.86
19830319,0.95,-1.6,0.06
19830324,0.68,-1.49,0.46
19830329,1.15,-1.68,-0.36
19830403,0.75,-1.28,-0.05
19830408,1.32,-1.79,-0.54
19830413,1.27,-1.53,-0.7
19830418,1.27,-1.36,-0.77
19830423,1.63,-1.71,-1.18
19830428,-0.13,-0.08,0.4
19830503,0.1,-0.38,0.25
19830508,0.1,-0.44,0.33
19830513,0.76,-1.09,-0.13
19830518,0.41,-0.53,-0.17
19830523,-0.66,0.52,0.74
19830528,0.31,-0.9,0.48
19830602,1.02,-1.58,-0.21
19830607,0.53,-0.83,-0.02
19830612,1.32,-1.18,-1.25
19830617,0.18,0.23,-0.64
19830622,-0.56,0.8,0.21
19830627,-0.59,0.32,0.82
19830702,-0.87,0.5,1.08
19830707,0.75,-0.79,-0.54
19830712,0.87,-0.59,-0.96
19830717,0,0.13,-0.03
19830722,0.04,-0.19,0.16
19830727,0.13,-0.23,-0.07
19830801,0.74,-0.54,-0.73
19830806,1.26,-0.69,-1.65
19830811,-0.47,1.14,-0.38
19830816,-1.15,1.39,0.74
19830821,-0.49,0.45,0.53
19830826,-0.13,0.15,0.2
19830831,0.89,-0.85,-0.7
19830905,1.66,-1.28,-1.65
19830910,1.05,-0.66,-1.27
19830915,0.27,0.24,-0.78
19830920,-0.79,1.25,0.2
19830925,-1.37,1.77,0.72
19830930,-1.16,1.31,0.85
19831005,-1.16,1.26,0.85
19831010,-0.9,0.79,0.94
19831015,0.64,-0.49,-0.59
19831020,0.64,0.07,-1.23
19831025,-1.07,1.33,0.62
19831030,-0.96,0.85,0.95
19831104,-0.5,0.46,0.48
19831109,0.43,-0.29,-0.45
19831114,-0.06,0.38,-0.4
19831119,-1.58,1.55,1.18
19831124,-0.95,0.71,0.93
19831129,0.15,-0.38,0.04
19831204,0.58,-0.99,-0.1
19831209,0.78,-0.86,-0.6
19831214,0.22,0.04,-0.47
19831219,0.67,-0.32,-0.78
19831224,0.43,0.25,-0.87
19831229,-0.91,0.97,0.84
19840103,0.38,-0.49,-0.2
19840108,0.43,0.06,-0.79
19840113,-0.57,0.88,0.21
19840118,-0.46,0.69,0.31
19840123,-0.46,0.88,0.09
19840128,-0.04,0.61,-0.46
19840202,-0.48,1.13,-0.18
19840207,0,0.5,-0.41
19840212,0.09,0.25,-0.42
19840217,-0.48,0.58,0.29
19840222,-0.05,0.13,-0.08
19840227,0.53,-0.26,-0.62
19840304,0.5,-0.23,-0.7
19840309,0.44,-0.26,-0.61
19840314,-0.19,0.2,0.09
19840319,0.44,-0.7,-0.29
19840324,1.27,-1.11,-1.3
19840329,1.28,-1.15,-1.23
19840403,1.31,-0.78,-1.63
19840408,0.67,-0.03,-1.21
19840413,-0.24,0.88,-0.49
19840418,-0.71,0.83,0.45
19840423,0.52,-0.41,-0.54
19840428,0.8,-0.5,-0.98
19840503,0.28,-0.02,-0.58
19840508,0.57,-0.38,-0.7
19840513,0.32,-0.05,-0.6
19840518,-0.09,0.37,-0.32
19840523,-0.45,0.75,0.08
19840528,-0.6,0.93,0.11
19840602,-0.47,0.62,0.25
19840607,0.62,-0.34,-0.76
19840612,0.34,-0.11,-0.55
19840617,-0.73,0.72,0.61
19840622,-1.04,1.07,0.8
19840627,-0.19,0.19,0.11
19840702,0.45,-0.39,-0.34
19840707,1.16,-1,-1.11
19840712,1.2,-0.69,-1.6
19840717,-0.07,0.59,-0.46
19840722,-1.32,1.36,1.06
19840727,-0.08,0.09,0.09
19840801,0.05,0.15,-0.24
19840806,-1.52,1.38,1.36
19840811,-0.73,0.51,0.86
19840816,-0.2,0.04,0.33
19840821,-0.87,0.8,0.85
19840826,-0.53,0.22,0.73
19840831,0.47,-0.35,-0.53
19840905,-0.12,0.15,0.13
19840910,0.79,-1.01,-0.35
19840915,0.37,-0.77,0.09
19840920,0.75,-0.87,-0.49
19840925,0.08,0.21,-0.43
19840930,-1.06,1.11,0.8
19841005,-0.82,0.85,0.62
19841010,-1.71,1.6,1.52
19841015,-1.5,0.96,1.77
19841020,-0.85,0.47,1.01
19841025,-0.19,-0.43,0.8
19841030,1.22,-1.64,-0.58
19841104,1.26,-1.39,-0.89
19841109,2.01,-1.75,-1.95
19841114,1.01,-0.45,-1.52
19841119,-0.26,0.67,-0.18
19841124,0.13,0.05,-0.23
19841129,0.55,-0.07,-0.96
19841204,-0.54,0.99,-0.04
19841209,-0.7,0.94,0.29
19841214,-0.74,0.81,0.45
19841219,-0.52,0.51,0.39
19841224,-0.77,0.86,0.41
19841229,-1.23,0.9,1.31
19850103,-0.32,-0.01,0.41
19850108,-0.03,-0.27,0.21
19850113,0.71,-1.19,-0.22
19850118,0.94,-1.2,-0.58
19850123,2.03,-2.26,-1.5
19850128,1.26,-0.87,-1.44
19850202,1.54,-0.75,-2.09
19850207,0.61,0.68,-1.84
19850212,-0.99,2.13,-0.26
19850217,-2.35,2.79,1.54
19850222,-1.77,1.56,1.76
19850227,-0.44,0.33,0.36
19850304,-1.58,1.7,1.12
19850309,0.06,-0.47,0.31
19850314,1.84,-1.53,-2.04
19850319,1.07,-0.67,-1.5
19850324,0.2,-0.02,-0.5
19850329,0.74,-0.56,-0.88
19850403,0.83,-0.3,-1.31
19850408,-0.18,0.72,-0.45
19850413,-0.76,1.33,0.07
19850418,-1.22,1.34,0.81
19850423,-0.02,-0.18,0.21
19850428,0.47,-0.66,-0.26
19850503,0.56,-0.68,-0.52
19850508,0.79,-0.79,-0.65
19850513,0.63,-0.18,-1.05
19850518,0.37,0.31,-1.1
19850523,-0.09,0.68,-0.66
19850528,-1.77,1.93,1.31
19850602,-1.25,1.02,1.4
19850607,-0.32,0.41,0.24
19850612,-1.26,1.7,0.53
19850617,-1.46,1.85,0.72
19850622,-1.82,1.83,1.45
19850627,-1.02,0.36,1.52
19850702,-0.35,0.19,0.5
19850707,-0.2,0.26,0.02
19850712,-0.24,0.31,0.12
19850717,0.63,-0.56,-0.51
19850722,1.09,-1.12,-0.85
19850727,-0.18,0.22,0.12
19850801,-0.35,0.21,0.4
19850806,-0.17,0.11,0.12
19850811,0.04,0.29,-0.47
19850816,-0.31,0.4,0.16
19850821,-0.28,0.25,0.33
19850826,-0.52,0.59,0.3
19850831,-0.96,1.25,0.43
19850905,-0.27,0.39,0.02
19850910,-0.31,0.57,-0.07
19850915,-0.41,0.66,0.08
19850920,-0.06,0.2,-0.13
19850925,0.28,-0.27,-0.21
19850930,0.24,-0.03,-0.45
19851005,0.02,0.38,-0.36
19851010,-0.58,0.88,0.2
19851015,-1.32,1.15,1.22
19851020,-0.83,0.31,1.2
19851025,1.32,-1.77,-0.62
19851030,2.77,-2.81,-2.26
19851104,1.86,-0.96,-2.54
19851109,-0.94,1.47,0.22
19851114,-1.88,1.72,1.73
19851119,-0.77,0.22,1.11
19851124,0.47,-0.66,-0.31
19851129,0.57,-0.5,-0.62
19851204,0.07,0.06,-0.2
19851209,-0.35,0.18,0.45
19851214,-0.55,0.47,0.4
19851219,0.51,-0.62,-0.37
19851224,0.54,-0.78,-0.2
19851229,1.27,-1.18,-1.13
19860103,0.73,0,-1.4
19860108,0.33,0.83,-1.43
19860113,-1.97,2.25,1.33
19860118,-1.29,1.08,1.22
19860123,-1.11,0.48,1.5
19860128,-0.41,-0.15,0.89
19860202,0.45,-0.67,-0.21
19860207,0.89,-0.78,-0.99
19860212,0.23,-0.03,-0.44
19860217,0.45,-0.41,-0.4
19860222,0.92,-1.08,-0.71
19860227,1.34,-1.34,-1.1
19860304,0.99,-0.59,-1.22
19860309,1.61,-0.99,-1.92
19860314,0.56,0.27,-1.3
19860319,-1.06,1.88,-0.03
19860324,-1.51,1.82,0.92
19860329,-1.51,1.46,1.31
19860403,-0.81,0.47,0.98
19860408,-0.52,0.52,0.44
19860413,-1.02,0.69,1.11
19860418,0.22,-0.44,0.04
19860423,0.49,-0.17,-0.89
19860428,-0.17,0.86,-0.51
19860503,-0.85,1.14,0.42
19860508,-1.13,1.12,0.96
19860513,-1.39,0.94,1.52
19860518,-1.37,0.93,1.56
19860523,-0.07,-0.86,1.13
19860528,1.7,-2,-1.02
19860602,1.31,-1.28,-1.19
19860607,0.16,0.13,-0.51
19860612,-0.07,0.6,-0.5
19860617,-1.27,1.5,0.8
19860622,-2.22,1.95,2.19
19860627,-0.61,-0.07,1.31
19860702,0.06,-0.56,0.53
19860707,0.47,-0.28,-0.59
19860712,-1.05,1.42,0.46
19860717,-1.06,0.82,1.22
19860722,-0.4,0.15,0.63
19860727,-0.08,0.07,0.03
19860801,-0.79,0.89,0.52
19860806,-0.74,0.44,0.95
19860811,-0.86,0.37,1.31
19860816,-0.7,0.19,1.12
19860821,-0.25,-0.19,0.71
19860826,0.3,-0.69,0.14
19860831,-0.16,-0.01,0.29
19860905,-0.71,0.97,0.31
19860910,-1.3,1.31,1.07
19860915,-1.48,1.11,1.57
19860920,-0.83,0.28,1.31
19860925,1.02,-1.33,-0.48
19860930,0.76,-0.7,-0.65
19861005,-0.2,0.02,0.36
19861010,-0.03,-0.22,0.22
19861015,-0.46,0.26,0.51
19861020,-0.14,0.04,0.24
19861025,0.63,-0.47,-0.71
19861030,-0.58,0.95,0.08
19861104,-2.01,2.16,1.52
19861109,-2.57,2.26,2.39
19861114,-1.97,1.26,2.32
19861119,-0.23,-0.4,0.84
19861124,0.85,-1.07,-0.47
19861129,0.65,-0.46,-0.76
19861204,-0.69,0.57,0.75
19861209,-0.33,0.51,0.17
19861214,-0.43,0.53,0.28
19861219,-0.19,0.01,0.38
19861224,0.41,-0.55,-0.11
19861229,0.62,-0.69,-0.44
19870103,-0.12,0.34,-0.04
19870108,-0.3,0.54,0.07
19870113,-0.94,0.94,0.73
19870118,-0.35,0.36,0.28
19870123,-0.09,0.31,-0.18
19870128,-1.03,0.97,0.87
19870202,-1.36,0.79,1.65
19870207,-0.69,-0.06,1.3
19870212,-0.19,-0.27,0.6
19870217,-0.66,0.47,0.71
19870222,-1.88,1.5,1.91
19870227,-1.57,0.74,2.18
19870304,0.72,-1.22,-0.01
19870309,1.77,-1.6,-1.57
19870314,0.95,-0.45,-1.33
19870319,-0.96,1.11,0.62
19870324,0.07,-0.49,0.38
19870329,1.09,-1.13,-0.83
19870403,0.69,-0.62,-0.6
19870408,-0.57,0.16,0.9
19870413,-0.92,0.07,1.64
19870418,0.04,-0.53,0.57
19870423,0.57,-0.89,0.08
19870428,1.23,-1.43,-0.7
19870503,0.58,-0.52,-0.52
19870508,-0.21,0.11,0.23
19870513,-0.19,-0.2,0.57
19870518,1.34,-1.97,-0.5
19870523,1.67,-1.54,-1.49
19870528,0.55,-0.04,-1.12
19870602,-0.07,0.6,-0.46
19870607,-1.19,1.2,0.96
19870612,-1.17,1.04,1.13
19870617,-0.18,-0.09,0.43
19870622,0.1,-0.31,0.11
19870627,-0.28,-0.05,0.49
19870702,-0.99,0.59,1.35
19870707,0.23,-0.57,0.2
19870712,-0.4,0.08,0.64
19870717,-0.51,-0.15,1.13
19870722,0.77,-1.3,-0.03
19870727,1.3,-1.91,-0.37
19870801,1.92,-2.23,-1.2
19870806,2.07,-1.83,-1.93
19870811,1.15,-0.72,-1.43
19870816,0.34,0.12,-0.73
19870821,-0.72,0.9,0.37
19870826,-1.51,1.52,1.19
19870831,-1.92,1.3,2.21
19870905,-0.26,-0.04,0.49
19870910,-0.22,0.06,0.38
19870915,0.16,-0.2,-0.1
19870920,1.28,-1.18,-1.13
19870925,1.23,-0.95,-1.24
19870930,-0.12,0.14,0.04
19871005,0.03,-0.02,-0.11
19871010,0.44,-0.22,-0.54
19871015,0.05,0.11,-0.24
19871020,-0.37,0.47,0.21
19871025,0.27,-0.35,-0.07
19871030,1.68,-1.42,-1.62
19871104,0.08,0.61,-0.78
19871109,-1.02,1.48,0.35
19871114,-2.03,1.88,1.84
19871119,-1.28,0.87,1.43
19871124,-0.75,0.41,0.95
19871129,0.47,-0.54,-0.28
19871204,0.49,-0.09,-0.77
19871209,-0.73,1.28,0.08
19871214,-1.45,1.61,0.99
19871219,-2.06,2.02,1.74
19871224,-1.91,1.27,2.17
19871229,-0.52,-0.07,0.94
19880103,0.19,-0.41,0.03
19880108,-0.41,0.17,0.54
19880113,0.27,-0.28,-0.23
19880118,0.83,-0.28,-1.13
19880123,0.32,0.42,-1.08
19880128,-0.4,1.1,-0.36
19880202,-1.02,1.18,0.67
19880207,-1.14,1.17,0.88
19880212,-1.39,1.2,1.27
19880217,-0.79,0.57,0.75
19880222,0.91,-1.35,-0.47
19880227,2.3,-2.31,-1.93
19880304,1.92,-1.54,-2.22
19880309,1.07,-0.6,-1.47
19880314,1.12,-0.32,-1.76
19880319,-0.37,1.65,-1.06
19880324,-3.17,4.2,1.69
19880329,-2.96,2.56,2.88
19880403,-0.77,-0.03,1.42
19880408,1.12,-1.4,-0.74
19880413,2.09,-2.03,-1.78
19880418,1.53,-1.23,-1.66
19880423,0.84,-0.41,-1.23
19880428,1,-0.34,-1.52
19880503,-0.36,1.03,-0.43
19880508,-0.67,1.04,0.19
19880513,0.53,0.14,-1.11
19880518,-0.66,1.27,-0.14
19880523,-1.56,1.25,1.69
19880528,0.43,-0.79,0.09
19880602,0.73,-0.43,-1.02
19880607,-0.02,0.31,-0.42
19880612,-0.36,0.26,0.44
19880617,1.08,-0.97,-1.02
19880622,1.68,-1.28,-1.82
19880627,1.52,-1.16,-1.59
19880702,1.36,-0.8,-1.73
19880707,0.72,-0.23,-1.18
19880712,0.94,-0.31,-1.5
19880717,0.24,0.57,-1.16
19880722,-0.54,0.79,0.17
19880727,0.43,-0.14,-0.73
19880801,0.73,-0.06,-1.39
19880806,0.65,-0.08,-1.21
19880811,0.91,-0.46,-1.24
19880816,1.47,-0.64,-2.15
19880821,1.23,-0.61,-1.71
19880826,2.08,-1.53,-2.34
19880831,1.96,-1.25,-2.33
19880905,1.19,-0.71,-1.52
19880910,1.14,-0.42,-1.71
19880915,0.15,0.44,-0.69
19880920,-0.45,1.27,-0.53
19880925,-1.09,1.72,0.2
19880930,-1.14,1.57,0.46
19881005,-1.67,1.56,1.43
19881010,0.06,-0.09,0
19881015,-0.29,0.4,0.1
19881020,-0.62,0.59,0.49
19881025,-0.24,0.09,0.29
19881030,-0.54,0.52,0.39
19881104,-0.2,0.4,-0.11
19881109,-0.67,0.63,0.6
19881114,0.43,-0.4,-0.38
19881119,0.16,0.18,-0.49
19881124,-0.36,0.67,-0.11
19881129,0.16,-0.36,-0.01
19881204,1.34,-1.33,-1.22
19881209,0.22,-0.13,-0.34
19881214,-0.38,0.04,0.57
19881219,-0.24,0.13,0.17
19881224,-0.12,-0.02,0.21
19881229,0.89,-0.7,-0.94
19890103,0.42,-0.06,-0.7
19890108,0.98,-0.5,-1.24
19890113,0.56,0.38,-1.4
19890118,-0.45,1.57,-0.67
19890123,-0.86,1.57,0.1
19890128,-1.11,1.17,0.84
19890202,-0.07,-0.06,0.17
19890207,0.49,-0.31,-0.62
19890212,0.2,-0.19,-0.16
19890217,1.11,-0.94,-1.12
19890222,0.79,0.06,-1.48
19890227,0.05,0.6,-0.63
19890304,-0.09,0.39,-0.23
19890309,-0.1,0.45,-0.33
19890314,0.5,-0.38,-0.57
19890319,0.77,-0.58,-0.89
19890324,1.15,-0.98,-1.18
19890329,1.05,-0.54,-1.39
19890403,-0.22,0.85,-0.53
19890408,-0.51,0.96,-0.01
19890413,-1.18,1.29,0.84
19890418,-1.1,1.12,0.67
19890423,-1.27,1.05,1.25
19890428,-0.13,-0.26,0.52
19890503,1.12,-1.03,-1.09
19890508,0.84,-0.5,-1.1
19890513,-0.26,0.77,-0.32
19890518,-1.63,2.01,0.93
19890523,-1.03,0.89,1.03
19890528,-0.34,0.19,0.35
19890602,0.21,-0.14,-0.18
19890607,-0.21,0.38,-0.1
19890612,0,0.13,-0.03
19890617,0.11,-0.26,0.12
19890622,0.89,-1.04,-0.52
19890627,1.11,-0.94,-1.21
19890702,0.51,-0.02,-1.01
19890707,0.28,0.21,-0.78
19890712,0.27,0.24,-0.81
19890717,-0.89,0.9,0.75
19890722,-0.07,-0.31,0.59
19890727,0.37,-0.8,0.19
19890801,0.33,-0.28,-0.4
19890806,-0.25,0.34,0.05
19890811,0.15,-0.17,-0.01
19890816,0.4,-0.55,-0.12
19890821,0.73,-0.8,-0.54
19890826,0.42,-0.13,-0.67
19890831,0.32,-0.1,-0.47
19890905,0.13,-0.2,-0.06
19890910,0.17,-0.24,-0.09
19890915,0.49,-0.68,-0.22
19890920,1.39,-1.04,-1.42
19890925,0.69,-0.32,-0.86
19890930,0.43,-0.07,-0.74
19891005,0.1,0.23,-0.5
19891010,-0.08,0.52,-0.38
19891015,-0.96,1.24,0.47
19891020,-1.04,1.15,0.73
19891025,-1.42,1.26,1.32
19891030,0.3,-0.51,-0.03
19891104,0.85,-0.9,-0.64
19891109,1.44,-1.42,-1.22
19891114,0.55,-0.48,-0.63
19891119,-0.65,0.69,0.46
19891124,-0.42,0.18,0.56
19891129,0.66,-0.97,-0.31
19891204,0.97,-0.96,-0.87
19891209,0.85,-0.91,-0.74
19891214,1.07,-1.04,-0.96
19891219,0.83,-0.62,-0.8
19891224,1.16,-0.68,-1.4
19891229,0.68,-0.18,-1.01
19900103,0.6,0.14,-1.21
19900108,-0.46,0.87,-0.04
19900113,-0.55,0.89,0.17
19900118,-1.4,1.12,1.5
19900123,-1.16,0.99,1.12
19900128,-1.04,0.55,1.31
19900202,0.69,-0.94,-0.31
19900207,1.23,-1.21,-1.07
19900212,1.47,-1.19,-1.51
19900217,2.19,-1.68,-2.34
19900222,1.05,-0.33,-1.59
19900227,0.01,0.56,-0.49
19900304,-1.49,1.93,0.85
19900309,-3.03,2.84,2.8
19900314,-2.39,1.92,2.52
19900319,-0.92,0.2,1.47
19900324,0.13,-0.69,0.5
19900329,1.87,-1.94,-1.5
19900403,1.05,-0.62,-1.31
19900408,-0.31,1.21,-0.58
19900413,-1.38,1.68,0.9
19900418,-1.84,1.46,1.82
19900423,-0.65,0.05,1.15
19900428,0.88,-0.98,-0.6
19900503,0.54,-0.35,-0.74
19900508,0.68,-0.2,-1.06
19900513,-0.53,1.21,-0.25
19900518,-1.66,1.95,1.1
19900523,-1.39,1.36,1.18
19900528,-0.72,0.73,0.58
19900602,-0.9,0.79,0.88
19900607,-0.68,0.53,0.73
19900612,0.07,-0.22,0.16
19900617,-0.65,0.69,0.44
19900622,-0.76,0.6,0.89
19900627,-0.46,0.15,0.72
19900702,0.59,-0.67,-0.37
19900707,0.04,0,-0.04
19900712,-0.2,0.11,0.33
19900717,-0.2,0.11,0.22
19900722,-0.55,0.61,0.44
19900727,-0.35,0.47,0.18
19900801,-0.03,-0.14,0.19
19900806,0.21,-0.34,0.02
19900811,0.06,-0.19,0.21
19900816,-1.04,0.95,0.96
19900821,-1.54,0.81,2.08
19900826,-0.02,-0.44,0.45
19900831,-0.64,0.7,0.41
19900905,-1.09,1.08,0.88
19900910,-0.53,0.29,0.67
19900915,0.05,0.08,-0.23
19900920,0.15,0.1,-0.42
19900925,-0.18,0.55,-0.26
19900930,-0.86,1.03,0.52
19901005,-0.5,0.08,0.74
19901010,0.92,-0.94,-0.74
19901015,1.71,-1.51,-1.66
19901020,1.17,-0.96,-1.15
19901025,1.39,-0.93,-1.54
19901030,0.56,0.08,-1.09
19901104,-1.17,1.41,0.74
19901109,-1.39,1.45,1.05
19901114,-0.63,0.12,0.96
19901119,0.63,-1.09,-0.06
19901124,0.52,-0.64,-0.25
19901129,-0.49,-0.04,0.99
19901204,1.53,-1.77,-0.9
19901209,2.05,-1.54,-2.2
19901214,0.03,0.53,-0.62
19901219,-1.49,1.51,1.18
19901224,-0.37,0.2,0.49
19901229,0.19,-0.46,0.18
19910103,0.5,-0.49,-0.37
19910108,0,0.11,0
19910113,0.45,-0.53,-0.18
19910118,1.29,-1.11,-1.31
19910123,-0.25,0.67,-0.31
19910128,-0.69,0.63,0.64
19910202,-0.31,-0.04,0.54
19910207,0.28,-0.43,-0.14
19910212,0.2,-0.09,-0.28
19910217,-0.76,0.76,0.6
19910222,-1.77,1.43,1.7
19910227,0,-0.54,0.59
19910304,0.7,-1.02,-0.28
19910309,0.52,-0.61,-0.27
19910314,0.33,-0.29,-0.27
19910319,0.09,0.02,-0.22
19910324,0.72,-0.66,-0.66
19910329,1.23,-0.67,-1.67
19910403,0.15,0.18,-0.6
19910408,0.27,-0.09,-0.4
19910413,0.2,0.08,-0.48
19910418,-0.4,0.79,-0.16
19910423,-0.9,1.08,0.58
19910428,-1.17,0.93,1.24
19910503,-0.98,0.63,1.09
19910508,-0.09,-0.28,0.45
19910513,0.89,-1.4,-0.16
19910518,2,-2.14,-1.45
19910523,1.68,-1.09,-2.09
19910528,0.74,-0.12,-1.37
19910602,0.18,0.28,-0.63
19910607,-0.79,0.87,0.59
19910612,-1.25,0.91,1.44
19910617,-0.45,-0.19,1.1
19910622,1.1,-1.79,-0.16
19910627,1.58,-1.63,-1.18
19910702,0.35,-0.2,-0.47
19910707,-0.04,0.18,-0.07
19910712,0.11,-0.17,0.05
19910717,-0.72,0.69,0.65
19910722,-1.02,0.88,0.97
19910727,-0.15,-0.24,0.53
19910801,0.49,-0.57,-0.22
19910806,-0.16,0.32,-0.06
19910811,-1.03,1.14,0.66
19910816,-1.38,1.52,0.93
19910821,-1.14,1.13,0.97
19910826,-1.53,1.42,1.36
19910831,-0.68,0.33,0.96
19910905,-1.53,1.2,1.53
19910910,-0.64,0.09,1.11
19910915,0.52,-1.11,0.2
19910920,0.65,-0.99,-0.18
19910925,-0.19,0.16,0.15
19910930,-0.06,-0.4,0.54
19911005,1.18,-1.47,-0.65
19911010,0.96,-0.88,-0.89
19911015,-0.3,0.51,-0.01
19911020,-1.3,1.59,0.75
19911025,-1.13,1.14,0.93
19911030,-1.05,0.63,1.32
19911104,-0.64,0.29,0.91
19911109,-0.51,0.02,0.95
19911114,0.25,-0.69,0.19
19911119,0.46,-0.43,-0.42
19911124,-0.1,0.16,0.09
19911129,0.17,-0.45,0.2
19911204,0.44,-0.75,0
19911209,0.3,-0.69,0.04
19911214,1.67,-1.78,-1.39
19911219,1.79,-1.08,-2.19
19911224,-0.35,1.04,-0.35
19911229,-1.37,1.32,1.24
19920103,-1.37,1,1.55
19920108,-1.14,0.44,1.63
19920113,0.66,-1.2,-0.01
19920118,0.5,-0.66,-0.31
19920123,1.18,-1.4,-0.75
19920128,1.66,-1.57,-1.47
19920202,1.06,-1.05,-1
19920207,0.96,-0.93,-0.72
19920212,0.6,-0.57,-0.33
19920217,-1.11,0.92,1.23
19920222,-1.36,1.03,1.57
19920227,-1.04,0.79,1.21
19920304,-2.02,1.48,2.29
19920309,-0.6,-0.23,1.38
19920314,0.74,-1.34,-0.01
19920319,1.8,-2.39,-0.9
19920324,2.16,-2.21,-1.66
19920329,1.83,-1.42,-1.93
19920403,0.01,0.38,-0.56
19920408,-0.54,0.46,0.54
19920413,-0.25,-0.5,1.01
19920418,0.21,-0.69,0.28
19920423,0.39,-0.67,0.09
19920428,1.1,-1.11,-0.79
19920503,0.52,-0.43,-0.51
19920508,-0.73,0.71,0.59
19920513,-0.87,0.59,1.01
19920518,-0.23,-0.41,0.85
19920523,0.48,-0.81,-0.03
19920528,0.42,-0.76,0.01
19920602,0.74,-0.75,-0.58
19920607,0.81,-0.62,-0.9
19920612,-0.26,0.41,0.02
19920617,-0.26,0.32,0.17
19920622,-0.51,0.21,0.75
19920627,0.5,-0.58,-0.35
19920702,0.3,-0.62,0.09
19920707,0.74,-0.88,-0.42
19920712,1.29,-1.07,-1.32
19920717,-0.27,0.47,-0.09
19920722,-0.61,0.77,0.38
19920727,-0.25,0.4,0.05
19920801,-0.48,0.5,0.35
19920806,-0.3,0.16,0.44
19920811,0.3,-0.26,-0.23
19920816,-0.69,0.74,0.53
19920821,-0.84,0.73,0.82
19920826,-0.22,0.23,0.11
19920831,-0.97,0.93,0.82
19920905,-1.18,0.8,1.35
19920910,-0.6,0.1,1.12
19920915,0.36,-1.04,0.48
19920920,1.08,-1.33,-0.66
19920925,0.75,-0.48,-0.77
19920930,0.32,-0.12,-0.42
19921005,0.58,-0.19,-0.84
19921010,-0.45,0.93,-0.13
19921015,-1.09,1.38,0.56
19921020,-1.55,1.43,1.39
19921025,-1.61,1.13,1.8
19921030,-0.02,-0.31,0.24
19921104,0.82,-1.03,-0.45
19921109,0.85,-0.85,-0.76
19921114,0.53,-0.36,-0.53
19921119,-0.25,0.2,0.29
19921124,0.19,-0.3,0.01
19921129,1.26,-1.09,-1.13
19921204,0.82,-0.52,-0.93
19921209,0.56,-0.56,-0.53
19921214,0.93,-0.76,-0.99
19921219,-0.65,0.9,0.23
19921224,-0.78,0.75,0.59
19921229,-0.4,-0.04,0.68
19930103,0.81,-1.4,-0.07
19930108,2.9,-2.73,-2.61
19930113,2.09,-1.12,-2.61
19930118,0.22,0.91,-1.25
19930123,-1.74,1.97,1.26
19930128,-1.54,0.93,1.88
19930202,-0.65,-0.31,1.49
19930207,0.97,-1.76,-0.02
19930212,0.68,-0.89,-0.3
19930217,-0.08,-0.12,0.26
19930222,-0.47,0.35,0.4
19930227,0.01,-0.05,0
19930304,0.67,-0.51,-0.72
19930309,-0.55,1.17,-0.15
19930314,-1.49,1.37,1.5
19930319,-1.12,0.43,1.79
19930324,0,-0.19,0.4
19930329,-0.25,0.14,0.36
19930403,-0.86,0.58,0.95
19930408,-0.98,0.81,1.08
19930413,-0.11,-0.28,0.49
19930418,0.18,-0.51,0.16
19930423,0.23,-0.35,-0.06
19930428,0.39,-0.5,-0.15
19930503,0.04,-0.01,-0.05
19930508,-0.43,0.26,0.59
19930513,0.25,-0.59,0.14
19930518,0.93,-0.93,-0.71
19930523,0.51,-0.6,-0.21
19930528,1.08,-0.74,-1.24
19930602,-0.13,0.64,-0.54
19930607,-1.28,1.33,1
19930612,-0.81,0.31,1.27
19930617,0.29,-0.69,0.27
19930622,1.26,-1.44,-0.83
19930627,1.09,-1.01,-0.94
19930702,1.43,-1.18,-1.41
19930707,-0.21,0.38,-0.04
19930712,0.16,-0.14,-0.14
19930717,0.3,-0.11,-0.46
19930722,-0.39,0.54,0.05
19930727,-0.85,0.9,0.66
19930801,-1.29,0.93,1.44
19930806,-1.25,0.8,1.52
19930811,0.09,-0.72,0.6
19930816,0.4,-0.61,-0.07
19930821,0.72,-0.79,-0.53
19930826,0.38,-0.5,-0.18
19930831,0.3,-0.27,-0.3
19930905,0.16,-0.17,-0.07
19930910,0.26,-0.11,-0.29
19930915,0.02,0.02,-0.06
19930920,0.19,-0.16,-0.18
19930925,0.22,-0.11,-0.29
19930930,-0.36,0.44,0.26
19931005,0.02,0.14,-0.26
19931010,-0.19,-0.09,0.48
19931015,0.16,-0.28,0.02
19931020,-0.52,0.46,0.48
19931025,0.48,-1.05,0.19
19931030,2.25,-2.32,-1.85
19931104,1.81,-1.19,-2.07
19931109,0,0.36,-0.31
19931114,-0.9,0.7,0.97
19931119,0.68,-0.75,-0.54
19931124,0.61,-0.46,-0.63
19931129,0.81,-0.25,-1.25
19931204,-0.82,1.31,0.1
19931209,-0.83,1.04,0.56
19931214,-0.44,0.42,0.38
19931219,-0.79,0.73,0.66
19931224,-0.15,-0.01,0.2
19931229,-0.29,0.14,0.33
19940103,0.11,-0.14,-0.16
19940108,0.35,-0.48,-0.21
19940113,0.95,-0.8,-0.91
19940118,-0.1,0.3,-0.14
19940123,-0.27,0.62,-0.17
19940128,0.86,-0.59,-0.99
19940202,1.6,-1.12,-1.86
19940207,0.75,0.04,-1.31
19940212,0.2,0.72,-1.07
19940217,-1.33,1.88,0.57
19940222,-0.99,0.77,1.1
19940227,0.53,-0.78,-0.15
19940304,1.23,-1.12,-1.1
19940309,0.51,-0.18,-0.89
19940314,0.03,0.56,-0.66
19940319,-0.23,0.58,-0.15
19940324,-1.13,1.33,0.7
19940329,0.17,-0.17,-0.06
19940403,0.06,0.01,-0.24
19940408,-0.31,0.23,0.31
19940413,0.24,-0.29,-0.25
19940418,-0.06,0.17,-0.16
19940423,0.11,-0.04,-0.13
19940428,0.79,-0.35,-1.07
19940503,-1.22,1.42,0.68
19940508,-1.59,1.28,1.62
19940513,-0.81,0.07,1.31
19940518,1.12,-1.47,-0.5
19940523,1.74,-1.57,-1.57
19940528,0.47,-0.33,-0.5
19940602,0.67,-0.52,-0.67
19940607,-0.24,0.7,-0.3
19940612,-1.72,1.77,1.38
19940617,-1.13,0.93,1.2
19940622,0.66,-0.73,-0.55
19940627,0.56,-0.41,-0.66
19940702,-0.05,0.32,-0.25
19940707,-1.1,1.26,0.72
19940712,-1.3,1.16,1.2
19940717,-0.57,0.35,0.73
19940722,-0.48,0.08,0.75
19940727,-1.1,0.87,1.1
19940801,-0.6,0.48,0.59
19940806,0.11,-0.18,0.02
19940811,1.04,-1.15,-0.72
19940816,0.56,-0.57,-0.53
19940821,-0.49,0.39,0.47
19940826,-0.48,0.51,0.37
19940831,-0.44,0.54,0.28
19940905,-0.68,0.59,0.63
19940910,-1.09,0.66,1.35
19940915,-0.68,0.28,0.99
19940920,0.2,-0.98,0.54
19940925,0.57,-1.32,0.33
19940930,0.93,-1.66,-0.03
19941005,1.79,-1.77,-1.48
19941010,1.04,-1.26,-0.62
19941015,1.6,-1.74,-1.13
19941020,1.47,-1.31,-1.36
19941025,0.41,-0.28,-0.46
19941030,0.35,-0.6,-0.08
19941104,1.65,-1.74,-1.2
19941109,1.64,-1.34,-1.56
19941114,1.25,-0.95,-1.26
19941119,1.17,-0.93,-1.14
19941124,1.34,-1.2,-1.16
19941129,0.04,0.26,-0.3
19941204,-0.58,0.91,0.15
19941209,-1.47,1.4,1.29
19941214,-0.93,0.83,0.89
19941219,-0.61,0.06,1.04
19941224,0.78,-1.31,-0.13
19941229,0.64,-0.4,-0.74
19950103,0.23,0.07,-0.42
19950108,0.55,-0.36,-0.63
19950113,0.03,0.07,-0.15
19950118,-0.6,0.71,0.43
19950123,-1.31,1.29,1.22
19950128,-0.74,0.34,1.04
19950202,0.51,-0.63,-0.27
19950207,0.54,-0.33,-0.74
19950212,-0.35,0.65,-0.06
19950217,-0.69,0.79,0.53
19950222,0.72,-0.49,-0.82
19950227,-0.48,1.07,-0.23
19950304,-1.68,1.67,1.43
19950309,-0.52,-0.15,1.08
19950314,0.87,-1.11,-0.44
19950319,1.06,-1.12,-1.04
19950324,0.5,-0.1,-0.94
19950329,-0.86,1.14,0.4
19950403,-0.56,0.62,0.41
19950408,-0.73,0.48,0.83
19950413,0.04,-0.5,0.4
19950418,1.23,-1.23,-1.13
19950423,0.97,-0.76,-1.14
19950428,1.51,-1.26,-1.48
19950503,1.57,-0.89,-2.07
19950508,0.36,0.45,-1.21
19950513,-1.58,1.75,1.12
19950518,-0.98,0.33,1.51
19950523,0.91,-1.53,-0.28
19950528,1.17,-1.11,-1.12
19950602,0.5,-0.29,-0.63
19950607,0.99,-0.8,-1.08
19950612,0.94,-0.69,-1.1
19950617,0.47,-0.06,-0.79
19950622,0.75,-0.63,-0.7
19950627,1.17,-0.98,-1.2
19950702,1.41,-0.86,-1.71
19950707,0.31,0.26,-0.92
19950712,-1,0.81,0.97
19950717,0.35,-0.47,-0.06
19950722,1.53,-1.41,-1.4
19950727,1.23,-0.74,-1.48
19950801,2.12,-1.33,-2.62
19950806,1.22,-0.61,-1.66
19950811,1.92,-1.42,-2.11
19950816,2.12,-1.64,-2.22
19950821,1.87,-1.31,-2.21
19950826,1.09,-0.38,-1.72
19950831,-0.21,0.67,-0.36
19950905,-0.47,0.49,0.35
19950910,0.61,-0.62,-0.53
19950915,1.13,-0.83,-1.3
19950920,-0.1,0.13,-0.06
19950925,0.08,0.07,-0.3
19950930,0.64,-0.24,-0.96
19951005,0.32,-0.25,-0.34
19951010,0.73,-0.97,-0.29
19951015,1,-0.88,-0.97
19951020,0.64,-0.37,-0.79
19951025,0.62,-0.46,-0.66
19951030,0.19,0.22,-0.62
19951104,-0.61,1.03,0.1
19951109,0.24,0.05,-0.47
19951114,0.17,0.12,-0.43
19951119,-0.22,0.5,-0.05
19951124,-0.86,0.74,0.85
19951129,0.33,-0.55,-0.12
19951204,0.51,-0.66,-0.34
19951209,0.13,-0.65,0.37
19951214,0.36,-0.87,0.12
19951219,0.48,-0.71,-0.19
19951224,0.67,-0.63,-0.56
19951229,0.13,0.05,-0.2
19960103,0.53,-0.46,-0.37
19960108,0.35,-0.07,-0.48
19960113,0.6,-0.5,-0.51
19960118,0.89,-0.47,-1.11
19960123,-0.28,0.61,-0.09
19960128,-0.6,0.71,0.4
19960202,0.13,0.23,-0.39
19960207,0.27,0.01,-0.51
19960212,0.86,-0.6,-0.96
19960217,0.93,-0.59,-1.08
19960222,0.33,0.1,-0.77
19960227,0,0.05,-0.12
19960304,-0.28,-0.08,0.53
19960309,0.41,-0.81,0.01
19960314,1.96,-2,-1.62
19960319,1.55,-0.92,-1.97
19960324,0.67,0.12,-1.37
19960329,0.07,0.81,-0.86
19960403,-1.24,1.44,0.85
19960408,-0.97,0.7,1.09
19960413,0.14,-0.45,0.1
19960418,1.15,-0.88,-1.3
19960423,0.46,-0.05,-0.97
19960428,-0.32,0.67,-0.06
19960503,-0.57,0.74,0.31
19960508,-1.48,1.07,1.63
19960513,-0.21,-0.34,0.75
19960518,0.73,-1.1,-0.28
19960523,1.25,-1.19,-1.18
19960528,1.09,-0.74,-1.39
19960602,0.88,-0.15,-1.55
19960607,1.2,-0.1,-2.22
19960612,0.58,0.36,-1.53
19960617,-0.69,0.83,0.38
19960622,-0.02,-0.16,0.25
19960627,1.67,-1.85,-1.09
19960702,2.25,-1.52,-2.59
19960707,1.48,-0.55,-2.29
19960712,0.01,0.52,-0.7
19960717,-1.06,0.94,0.97
19960722,-0.66,0.54,0.72
19960727,-0.55,0.57,0.41
19960801,-0.78,0.62,0.67
19960806,0.24,-0.55,0.16
19960811,1.56,-1.68,-1.1
19960816,1.78,-1.31,-1.98
19960821,0.8,-0.17,-1.41
19960826,0.77,-0.1,-1.33
19960831,0.33,0.07,-0.72
19960905,0.13,0.16,-0.44
19960910,-0.48,0.92,-0.14
19960915,-0.91,1.05,0.57
19960920,-0.57,0.37,0.67
19960925,0.22,-0.34,-0.12
19960930,0.2,0.05,-0.43
19961005,0.57,-0.42,-0.58
19961010,1.11,-0.97,-1.08
19961015,0.95,-0.68,-1.12
19961020,0.09,0.44,-0.67
19961025,-1.06,1.36,0.48
19961030,-1.29,1.19,1.14
19961104,-1.65,1.65,1.34
19961109,-1.45,0.84,1.81
19961114,1.45,-2.2,-0.38
19961119,2.27,-2.32,-1.81
19961124,0.72,-0.44,-0.91
19961129,-0.22,0.34,0.17
19961204,0.23,0.1,-0.42
19961209,-0.61,1.1,0.12
19961214,-1.63,2.05,0.98
19961219,-1.7,1.81,1.21
19961224,-1.75,1.2,1.87
19961229,0.27,-0.97,0.49
19970103,0.85,-1.13,-0.43
19970108,0.59,-0.71,-0.43
19970113,0.63,-0.25,-0.92
19970118,-0.57,0.89,0.22
19970123,-0.81,0.82,0.7
19970128,-0.37,0.46,0.27
19970202,-0.47,0.64,0.36
19970207,-0.88,1.21,0.55
19970212,-1.28,1.68,0.8
19970217,-1.76,2.11,1.2
19970222,-1.58,1.65,1.31
19970227,-1.59,1.1,1.79
19970304,-1.99,1.24,2.27
19970309,-2.08,1.25,2.51
19970314,-0.15,-0.8,1.08
19970319,1.13,-1.96,-0.06
19970324,2.9,-3.2,-2.17
19970329,2.88,-2.05,-3.27
19970403,0.54,0.27,-1.43
19970408,-0.89,1.05,0.59
19970413,-0.54,0.35,0.61
19970418,1.02,-1.44,-0.42
19970423,2.45,-2.4,-1.98
19970428,1.04,-0.7,-1.27
19970503,-0.63,0.94,0.17
19970508,0.68,-0.47,-0.66
19970513,0.29,0.14,-0.68
19970518,-2.18,1.94,2.02
19970523,-1.25,0.09,2.19
19970528,-0.04,-1.09,1.14
19970602,0.95,-1.83,0.11
19970607,1.28,-2.07,-0.17
19970612,2.79,-3.26,-1.97
19970617,1.69,-1.56,-1.53
19970622,0.3,-0.35,-0.23
19970627,1.31,-0.95,-1.41
19970702,-0.37,0.63,0
19970707,-1.63,1.57,1.42
19970712,-1.1,0.88,1.12
19970717,-0.36,0.19,0.42
19970722,-0.82,0.56,0.91
19970727,-0.7,0,1.35
19970801,-0.91,0.27,1.4
19970806,-1.49,0.8,2.01
19970811,-0.87,-0.02,1.59
19970816,-0.15,-0.24,0.49
19970821,0.13,-0.33,0.13
19970826,-0.02,-0.67,0.72
19970831,-0.3,-0.32,0.95
19970905,0.79,-1.41,-0.03
19970910,0.82,-1.01,-0.49
19970915,0.26,-0.64,0.23
19970920,0.7,-1.19,-0.03
19970925,1.03,-1.48,-0.33
19970930,0.56,-0.96,-0.11
19971005,0.5,-0.95,0.02
19971010,1.52,-1.88,-0.91
19971015,3.14,-3.11,-2.67
19971020,0.98,-1.02,-0.9
19971025,-0.35,-0.19,0.76
19971030,0.68,-1.07,-0.21
19971104,1.15,-1.64,-0.44
19971109,2.07,-2.42,-1.22
19971114,3.09,-2.85,-2.83
19971119,1.46,-1.16,-1.49
19971124,0.99,-1.18,-0.49
19971129,1.67,-1.86,-1.15
19971204,1.61,-1.24,-1.69
19971209,1.14,-0.93,-1.15
19971214,1.55,-1.43,-1.44
19971219,0.36,-0.21,-0.4
19971224,-0.87,0.76,0.81
19971229,-0.55,0.29,0.6
19980103,-0.47,-0.24,1.09
19980108,1.28,-2.11,-0.14
19980113,1.3,-1.52,-0.78
19980118,0.34,-0.43,-0.15
19980123,0.06,-0.56,0.54
19980128,1.18,-1.47,-0.72
19980202,1.41,-1.33,-1.08
19980207,2.53,-2.42,-2.07
19980212,1.66,-1.44,-1.59
19980217,0.56,-0.24,-0.74
19980222,0.9,-1.19,-0.37
19980227,1.27,-1.24,-1.03
19980304,0.84,-1.03,-0.37
19980309,0.77,-1.2,0
19980314,-0.11,-0.48,0.76
19980319,0.52,-1.23,0.25
19980324,1.76,-2.06,-1.16
19980329,1.5,-1.52,-1.19
19980403,1.84,-1.86,-1.42
19980408,1.97,-1.88,-1.59
19980413,1.01,-0.85,-0.97
19980418,0.43,-0.52,-0.22
19980423,0.71,-1.11,-0.17
19980428,1.8,-1.96,-1.33
19980503,2.62,-2.39,-2.39
19980508,1.49,-0.67,-2.1
19980513,-0.29,1.13,-0.59
19980518,-1.39,1.39,1.18
19980523,-0.74,0.55,0.88
19980528,0.66,-1.04,-0.16
19980602,1.39,-1.11,-1.58
19980607,0.18,0.22,-0.7
19980612,0.23,-0.14,-0.26
19980617,0.87,-0.85,-0.76
19980622,0.43,0.22,-1.01
19980627,0.69,-0.13,-1.23
19980702,0.57,-0.15,-0.95
19980707,0.67,-0.26,-0.99
19980712,0.68,-0.29,-1.05
19980717,0.99,-0.4,-1.52
19980722,0.28,0.37,-0.97
19980727,0.23,0.31,-0.78
19980801,0.14,0.01,-0.35
19980806,0.45,-0.36,-0.43
19980811,1.05,-0.7,-1.28
19980816,1.2,-0.49,-1.79
19980821,0.91,-0.12,-1.59
19980826,0.56,-0.28,-0.7
19980831,0.95,-0.99,-0.67
19980905,1.26,-1.42,-0.91
19980910,0.72,-0.56,-0.8
19980915,0.76,-0.16,-1.37
19980920,-0.08,0.78,-0.84
19980925,-0.36,1.03,-0.57
19980930,-0.99,1.6,0.11
19981005,-1.38,1.59,0.9
19981010,-0.2,0.21,0.13
19981015,-0.51,0.66,0.27
19981020,0.01,0.11,-0.15
19981025,0.11,0.19,-0.38
19981030,-0.69,0.91,0.38
19981104,0.38,-0.27,-0.39
19981109,-0.6,0.87,0.07
19981114,-1.29,1.14,1.16
19981119,-0.77,0.26,1.04
19981124,-0.16,-0.14,0.39
19981129,0.1,-0.49,0.23
19981204,0.82,-0.54,-1.06
19981209,-0.09,0.67,-0.6
19981214,-0.9,0.9,0.68
19981219,-0.14,-0.05,0.33
19981224,0.21,-0.16,-0.27
19981229,0.28,-0.09,-0.5
19990103,0.54,-0.7,-0.28
19990108,0.52,-0.76,-0.2
19990113,1.45,-1.58,-1.06
19990118,0.92,-0.27,-1.48
19990123,-0.97,1.56,0.28
19990128,-0.5,0.44,0.41
19990202,-0.32,0.28,0.22
19990207,-0.65,0.59,0.39
19990212,-0.93,0.64,0.99
19990217,1.29,-1.93,-0.54
19990222,1.21,-1.33,-0.98
19990227,1.33,-0.93,-1.6
19990304,0.92,-0.42,-1.34
19990309,0.72,-0.27,-1.17
19990314,0.43,0.03,-0.78
19990319,-0.32,0.89,-0.3
19990324,-0.88,1.01,0.59
19990329,-0.5,0.48,0.47
19990403,-0.66,0.64,0.51
19990408,-0.99,1.04,0.81
19990413,-1.28,1.59,0.77
19990418,-1.4,1.35,1.14
19990423,-0.57,0.22,0.83
19990428,0.12,-0.66,0.43
19990503,0.91,-1.18,-0.46
19990508,1.55,-1.39,-1.46
19990513,1.14,-0.89,-1.24
19990518,-0.23,0.54,-0.24
19990523,-0.96,1.2,0.51
19990528,-1.66,1.38,1.59
19990602,-0.94,0.54,1.07
19990607,-0.01,-0.19,0.11
19990612,0.13,-0.33,0.09
19990617,0.3,-0.44,-0.18
19990622,0.43,-0.69,-0.08
19990627,1.58,-1.47,-1.51
19990702,1.55,-1.07,-1.88
19990707,0.72,-0.11,-1.37
19990712,-0.76,1.24,-0.04
19990717,-0.79,1.07,0.34
19990722,-1.22,1.41,0.7
19990727,-1.05,1.14,0.67
19990801,0.14,-0.21,-0.12
19990806,0.17,-0.17,-0.31
19990811,-0.26,0.25,0.11
19990816,1.03,-0.99,-0.99
19990821,2.37,-1.73,-2.75
19990826,1.33,-0.52,-2.08
19990831,0.07,0.28,-0.48
19990905,0.51,-0.42,-0.56
19990910,0.51,-0.42,-0.59
19990915,0.2,-0.2,-0.19
19990920,1.2,-1.08,-1.18
19990925,1.85,-1.38,-1.97
19990930,1.81,-0.9,-2.39
19991005,1.05,-0.33,-1.62
19991010,0.32,0.38,-1.02
19991015,0.42,0.28,-1
19991020,-0.27,0.92,-0.45
19991025,-0.81,1.16,0.26
19991030,-1.4,1.83,0.69
19991104,-1.89,1.8,1.57
19991109,-0.58,0.12,0.87
19991114,1.13,-1.32,-0.8
19991119,0.87,-1.02,-0.62
19991124,1.15,-0.91,-1.32
19991129,-0.07,0.35,-0.35
19991204,-0.29,0.52,0.07
19991209,-0.42,0.57,0.18
19991214,-0.19,0.35,-0.07
19991219,0.19,-0.49,0.14
19991224,0.98,-1.27,-0.54
19991229,0.8,-0.66,-0.86
20000103,0.79,-0.69,-0.74
20000108,0.06,0.31,-0.53
20000113,-0.55,0.9,0.1
20000118,0.07,-0.05,-0.11
20000123,0.63,-0.48,-0.71
20000128,0.96,-0.78,-0.94
20000202,0.58,-0.08,-0.96
20000207,0.29,0.11,-0.58
20000212,0.77,-0.68,-0.76
20000217,1.05,-0.43,-1.5
20000222,-0.69,1.23,-0.02
20000227,-0.25,0.75,-0.3
20000304,-0.66,1.02,0.27
20000309,-1.14,0.97,1.15
20000314,-0.63,0.65,0.47
20000319,-0.3,0.35,0.09
20000324,0.69,-0.71,-0.57
20000329,0.56,-0.44,-0.57
20000403,0.28,0.01,-0.57
20000408,-0.5,0.37,0.6
20000413,0.31,-0.21,-0.39
20000418,-0.88,0.92,0.58
20000423,-0.78,0.84,0.67
20000428,-0.61,0.49,0.57
20000503,-0.76,0.39,0.97
20000508,-0.12,-0.23,0.43
20000513,-0.69,0.47,0.79
20000518,-0.46,0.21,0.74
20000523,0.27,-0.18,-0.46
20000528,-0.38,0.67,0.02
20000602,0.71,-0.23,-1.1
20000607,0.31,0.05,-0.71
20000612,-0.22,0.15,0.24
20000617,0.98,-0.99,-0.75
20000622,0.28,0.18,-0.85
20000627,-0.9,1.27,0.29
20000702,-0.52,0.85,0.05
20000707,-1.93,2.04,1.34
20000712,-1.53,1.14,1.67
20000717,-0.16,-0.16,0.34
20000722,0.02,-0.15,0.04
20000727,1.28,-1.14,-1.23
20000801,1.77,-1.51,-1.72
20000806,0.89,-0.48,-1.15
20000811,0.45,0.15,-0.98
20000816,-1.23,1.73,0.37
20000821,-1.76,2.01,1.13
20000826,-2.38,1.82,2.57
20000831,-0.94,0.42,1.33
20000905,0.66,-1.03,-0.15
20000910,0.6,-0.66,-0.54
20000915,0.55,-0.37,-0.67
20000920,0.99,-0.57,-1.22
20000925,0.77,-0.46,-0.99
20000930,0.8,-0.16,-1.26
20001005,-0.46,1.08,-0.4
20001010,-1.68,1.54,1.47
20001015,-0.95,1.05,0.59
20001020,-0.89,1.21,0.34
20001025,-0.96,0.81,0.84
20001030,-0.7,0.43,0.75
20001104,0.26,-0.71,0.12
20001109,1.38,-1.4,-1.21
20001114,1.01,-0.59,-1.39
20001119,-0.43,1.07,-0.35
20001124,-1.34,1.75,0.66
20001129,-1.61,1.68,1.24
20001204,-1.34,1.04,1.35
20001209,-0.75,0.35,0.94
20001214,0.77,-1.16,-0.28
20001219,0.65,-0.48,-0.87
20001224,-0.01,0.22,-0.24
20001229,0.17,0.12,-0.42
20010103,0,0.27,-0.25
20010108,0.46,0.07,-0.82
20010113,-0.03,0.39,-0.33
20010118,1.23,-0.84,-1.42
20010123,0.99,0.01,-1.81
20010128,0.08,0.84,-0.96
20010202,-0.23,0.98,-0.59
20010207,-0.97,1.71,0.02
20010212,-1.31,1.46,0.8
20010217,-0.64,0.38,0.67
20010222,-0.74,0.24,0.99
20010227,0.84,-1.12,-0.54
20010304,1,-0.73,-1.14
20010309,0.39,0.2,-0.92
20010314,-0.53,0.51,0.38
20010319,-0.26,0.23,0.19
20010324,0.01,-0.08,0.22
20010329,0.63,-0.67,-0.4
20010403,0.34,-0.23,-0.48
20010408,-0.32,0.55,0.06
20010413,0.07,-0.13,-0.13
20010418,0.54,-0.55,-0.56
20010423,0.05,0.18,-0.37
20010428,-0.7,1.01,0.16
20010503,-0.76,0.71,0.6
20010508,-1.19,0.92,1.21
20010513,-0.79,0.35,0.99
20010518,-0.42,0.08,0.7
20010523,0.63,-0.95,-0.21
20010528,0.28,-0.29,-0.23
20010602,0.66,-0.29,-0.91
20010607,0.24,0.23,-0.79
20010612,-0.47,0.66,0.15
20010617,-0.83,0.77,0.66
20010622,-0.31,0.5,-0.1
20010627,-1.76,1.71,1.39
20010702,-1.58,1.25,1.58
20010707,-0.39,-0.05,0.74
20010712,-0.05,-0.33,0.39
20010717,0.38,-0.43,-0.32
20010722,1.04,-0.85,-1.12
20010727,0.75,-0.3,-1.19
20010801,-0.34,0.84,-0.3
20010806,-0.99,1.48,0.22
20010811,-1.68,1.75,1.19
20010816,-2.22,1.97,2.01
20010821,-0.49,-0.26,1.14
20010826,0.13,-0.26,-0.1
20010831,-0.7,0.46,0.73
20010905,0.3,-0.58,0.04
20010910,0.6,-0.66,-0.57
20010915,0.49,-0.23,-0.71
20010920,0.02,0.32,-0.51
20010925,0.4,-0.02,-0.76
20010930,0.31,0.33,-0.97
20011005,-1.5,1.91,0.72
20011010,-1.22,0.88,1.28
20011015,0.14,-0.26,-0.1
20011020,0.22,-0.4,-0.09
20011025,1.16,-1.03,-1.12
20011030,0.78,-0.52,-0.88
20011104,-0.69,0.91,0.23
20011109,-1,1.17,0.55
20011114,-0.77,0.91,0.39
20011119,-1.14,1.19,0.77
20011124,-0.84,0.44,1.03
20011129,0.22,-0.42,-0.1
20011204,-0.99,0.89,0.72
20011209,-1.55,1.04,1.74
20011214,-0.49,-0.08,0.9
20011219,0.66,-1.14,-0.18
20011224,0.89,-1.14,-0.58
20011229,0.64,-0.95,-0.29
20020103,0.39,-0.6,-0.15
20020108,0.6,-0.92,-0.27
20020113,1.08,-0.95,-1.06
20020118,1.2,-0.81,-1.35
20020123,-0.05,0.97,-0.88
20020128,-1.45,1.55,1.23
20020202,0.24,-0.39,-0.07
20020207,0.09,-0.05,-0.07
20020212,-0.1,-0.07,0.17
20020217,-1.54,1.54,1.22
20020222,-0.72,0.11,1.08
20020227,1.14,-1.39,-0.83
20020304,0.6,-0.55,-0.57
20020309,0.27,-0.2,-0.3
20020314,0.78,-0.64,-0.81
20020319,0.76,-0.42,-0.98
20020324,-0.37,0.53,0.15
20020329,-0.84,0.88,0.64
20020403,0.29,-0.72,0.22
20020408,1.51,-1.82,-0.99
20020413,1.7,-1.44,-1.9
20020418,0.35,-0.02,-0.78
20020423,0.59,-0.34,-0.66
20020428,1.32,-0.7,-1.9
20020503,0.56,0.37,-1.46
20020508,-1.58,2.22,0.66
20020513,-2.95,2.81,2.69
20020518,-0.68,-0.23,1.56
20020523,0.33,-1.21,0.68
20020528,0.86,-1.62,0.05
20020602,1.13,-1.44,-0.67
20020607,1.24,-0.9,-1.35
20020612,1.1,-0.59,-1.48
20020617,-1.42,2.02,0.46
20020622,-2.24,2.24,1.88
20020627,-1.18,0.95,1.09
20020702,-1.27,0.78,1.46
20020707,-0.45,-0.22,1
20020712,-0.12,-0.38,0.66
20020717,0.82,-1.43,-0.03
20020722,-0.86,0.5,1
20020727,-0.43,0.3,0.41
20020801,0.03,0.05,-0.17
20020806,-1.5,1.65,1.03
20020811,-2.12,2.29,1.48
20020816,-2.06,1.65,2.04
20020821,-0.31,-0.31,0.87
20020826,0.63,-0.95,-0.19
20020831,0.56,-0.84,-0.17
20020905,-0.1,0.04,0.04
20020910,-0.93,0.85,0.8
20020915,-1.11,0.55,1.39
20020920,0.37,-0.76,0
20020925,0.91,-0.84,-0.84
20020930,0.56,-0.59,-0.57
20021005,-0.55,0.72,0.11
20021010,-0.47,0.46,0.37
20021015,-0.22,-0.25,0.65
20021020,0.44,-0.83,0.03
20021025,1.17,-1.55,-0.57
20021030,1.61,-1.81,-1.12
20021104,1.42,-1.27,-1.35
20021109,0.33,0.09,-0.74
20021114,-0.18,0.75,-0.4
20021119,-1.1,1.79,0.16
20021124,-2.07,1.97,1.69
20021129,-2.21,1.56,2.31
20021204,0.16,-0.74,0.38
20021209,1.24,-1.49,-0.87
20021214,1.27,-1.12,-1.21
20021219,1.98,-1.35,-2.23
20021224,0.69,0.53,-1.78
20021229,-1.46,1.94,0.72
20030103,-1.02,1.12,0.69
20030108,-0.78,0.66,0.68
20030113,-0.16,-0.25,0.37
20030118,0.79,-1.18,-0.32
20030123,0.07,-0.38,0.11
20030128,0.14,0,-0.17
20030202,-0.38,0.49,0.22
20030207,-0.34,0.36,0.24
20030212,0.5,-0.33,-0.63
20030217,0.27,-0.17,-0.46
20030222,0.47,-0.33,-0.67
20030227,-0.37,0.7,-0.03
20030304,-1.41,1.25,1.28
20030309,-1.61,1.39,1.49
20030314,1.21,-1.76,-0.33
20030319,2.78,-2.61,-2.56
20030324,1.44,-0.95,-1.78
20030329,-0.38,0.74,-0.11
20030403,-0.46,0.41,0.31
20030408,0.2,-0.65,0.25
20030413,1.66,-1.75,-1.27
20030418,0.66,-0.48,-0.83
20030423,1.14,-0.79,-1.2
20030428,1.12,-0.45,-1.6
20030503,0.2,0.59,-0.92
20030508,-0.66,1.23,0.09
20030513,-1.95,2.14,1.32
20030518,-1.56,0.89,2.01
20030523,-0.66,-0.24,1.34
20030528,0.81,-1.27,-0.3
20030602,0.55,-1.05,-0.08
20030607,0.48,-0.89,-0.05
20030612,0.74,-0.81,-0.62
20030617,1.3,-1.24,-1.09
20030622,1.38,-0.98,-1.65
20030627,0.33,-0.03,-0.65
20030702,1.18,-0.63,-1.51
20030707,0.46,0,-0.9
20030712,0.06,0.32,-0.52
20030717,-0.12,0.63,-0.54
20030722,-1.11,1.58,0.37
20030727,-0.31,0.05,0.57
20030801,-0.17,-0.08,0.32
20030806,0.01,-0.27,0.15
20030811,-0.02,-0.05,0.03
20030816,0.71,-0.55,-0.82
20030821,-0.09,0.27,-0.18
20030826,-0.36,0.52,0.09
20030831,0.03,-0.08,-0.02
20030905,-0.06,-0.08,0.04
20030910,-0.25,0.42,-0.06
20030915,-0.74,0.71,0.53
20030920,-0.58,0.17,0.93
20030925,0.71,-0.93,-0.43
20030930,0.16,-0.08,-0.19
20031005,0.38,-0.23,-0.44
20031010,-0.32,0.63,-0.11
20031015,-0.56,0.57,0.25
20031020,-0.76,0.57,0.7
20031025,-0.19,-0.38,0.64
20031030,1.15,-1.42,-0.69
20031104,0.98,-0.95,-0.98
20031109,0.3,-0.07,-0.53
20031114,-0.27,0.29,0.2
20031119,0.58,-0.59,-0.57
20031124,0.55,-0.39,-0.66
20031129,0.32,-0.18,-0.42
20031204,1.38,-0.92,-1.64
20031209,0.98,-0.21,-1.65
20031214,-1.03,1.54,0.23
20031219,-1.97,1.99,1.51
20031224,-1.13,0.48,1.5
20031229,-0.24,-0.5,0.79
20040103,-1.09,0.51,1.33
20040108,1,-1.92,-0.09
20040113,2.17,-2.58,-1.49
20040118,2.24,-2.28,-1.94
20040123,2.03,-1.45,-2.31
20040128,1.09,-0.31,-1.78
20040202,-1.19,1.8,0.44
20040207,-2.4,2.08,2.35
20040212,-0.89,0.23,1.27
20040217,1,-1.48,-0.37
20040222,2.01,-2.15,-1.63
20040227,-0.47,0.59,0.18
20040304,-0.06,0.07,-0.01
20040309,-0.24,0.69,-0.33
20040314,-2.28,2.45,1.74
20040319,-2.59,1.88,2.8
20040324,-1.42,0.17,2.5
20040329,1.34,-2.05,-0.35
20040403,1.17,-1.17,-1.1
20040408,-0.4,0.27,0.47
20040413,-0.11,-0.73,0.99
20040418,0.48,-0.72,-0.13
20040423,1.13,-0.91,-1.07
20040428,0.47,0.09,-1.15
20040503,-0.76,1.5,0
20040508,-1.71,2.01,1.06
20040513,-2.43,2.34,2.1
20040518,-1.15,0.72,1.49
20040523,-0.56,0.45,0.59
20040528,-0.04,0.29,-0.22
20040602,-1.31,1.56,0.76
20040607,-0.65,0.85,0.36
20040612,-0.87,1.16,0.37
20040617,-1.97,1.8,1.74
20040622,-2.13,1.67,2.15
20040627,-1.66,1.1,1.85
20040702,0.42,-0.85,0.09
20040707,1.63,-1.69,-1.36
20040712,0.94,-0.79,-1
20040717,0.55,-0.41,-0.64
20040722,0.59,-0.53,-0.63
20040727,0.08,0.23,-0.42
20040801,-1.41,1.55,0.93
20040806,-1.72,1.4,1.7
20040811,-1.48,1.1,1.57
20040816,-0.77,0.36,1.01
20040821,0.53,-0.98,-0.02
20040826,0.13,-0.27,-0.04
20040831,0.41,-0.48,-0.3
20040905,0.31,-0.55,-0.02
20040910,0.08,-0.13,-0.07
20040915,0.43,-0.31,-0.52
20040920,0.92,-0.59,-1.18
20040925,0.4,0.05,-0.85
20040930,-0.93,1.14,0.52
20041005,-1.67,1.37,1.68
20041010,-0.77,0.28,1.03
20041015,0.1,-0.5,0.28
20041020,1.91,-2.29,-1.14
20041025,2.29,-1.82,-2.39
20041030,0.99,-0.27,-1.6
20041104,0.02,0.27,-0.31
20041109,0.3,-0.32,-0.28
20041114,0.21,-0.21,-0.19
20041119,0.78,-0.63,-0.9
20041124,0.7,-0.39,-0.93
20041129,-0.12,0.33,-0.27
20041204,-0.92,0.89,0.72
20041209,-0.12,0.07,0.13
20041214,0.48,-0.49,-0.42
20041219,0.59,-0.37,-0.67
20041224,1.19,-0.91,-1.23
20041229,0.57,-0.07,-1.14
20050103,-1.01,1.5,0.28
20050108,-1.25,1.07,1.23
20050113,-0.02,-0.27,0.22
20050118,0.13,-0.67,0.38
20050123,0.97,-1.07,-0.88
20050128,-0.3,0.29,0.24
20050202,-1.25,0.54,1.69
20050207,-0.35,-0.5,0.97
20050212,0.88,-1.54,-0.08
20050217,0.73,-0.85,-0.63
20050222,0.94,-1.15,-0.64
20050227,1.37,-1.1,-1.49
20050304,0.06,-0.28,0.16
20050309,0.51,-1.05,0.03
20050314,1.1,-1.36,-0.74
20050319,1.12,-0.77,-1.23
20050324,0.36,0.14,-0.74
20050329,-0.63,1.24,0
20050403,-1.12,1.7,0.38
20050408,-2.86,2.68,2.6
20050413,-2.8,1.93,3.14
20050418,0.39,-1.18,0.52
20050423,2.29,-2.63,-1.53
20050428,2.17,-2,-1.97
20050503,1.01,-0.15,-1.65
20050508,-1.64,1.98,1.01
20050513,-1.19,0.43,1.83
20050518,1.55,-2.35,-0.4
20050523,2.08,-1.99,-1.97
20050528,-0.23,0.39,-0.14
20050602,-1.01,0.52,1.29
20050607,0.85,-1.12,-0.48
20050612,1,-0.85,-0.98
20050617,0.1,0.18,-0.5
20050622,-0.09,0.17,0.03
20050627,0.02,0,-0.07
20050702,0.33,0.13,-0.82
20050707,0.17,0.31,-0.76
20050712,0.19,0.08,-0.46
20050717,0.06,0.08,-0.18
20050722,-0.56,1,-0.08
20050727,-1.58,1.78,0.97
20050801,-1.83,1.58,1.76
20050806,-1.66,0.95,1.97
20050811,0.13,-0.35,0.03
20050816,0.84,-0.81,-0.76
20050821,0.53,-0.48,-0.51
20050826,0.4,-0.07,-0.81
20050831,0.32,0.02,-0.71
20050905,-1.22,1.9,0.18
20050910,-2.43,2.5,1.87
20050915,-1.65,1.63,1.34
20050920,-0.37,-0.04,0.69
20050925,0.82,-0.99,-0.57
20050930,0.05,0.05,-0.3
20051005,0.82,-0.68,-0.83
20051010,1.57,-1.06,-1.8
20051015,0.1,0.48,-0.75
20051020,-0.97,1.04,0.72
20051025,-0.04,0.15,-0.18
20051030,-0.98,1.54,0.13
20051104,-1.24,1.37,0.85
20051109,-1.32,0.98,1.43
20051114,-0.19,-0.01,0.35
20051119,0.99,-1.18,-0.7
20051124,1.15,-0.89,-1.4
20051129,0.15,0.02,-0.47
20051204,0.29,-0.28,-0.32
20051209,-0.48,0.77,-0.03
20051214,-0.3,0.28,0.26
20051219,-0.74,0.85,0.48
20051224,0.18,-0.34,-0.08
20051229,0.87,-1.21,-0.43
20060103,1.51,-1.55,-1.32
20060108,1.08,-0.7,-1.46
20060113,-0.23,0.56,-0.21
20060118,-1,0.82,0.89
20060123,-1.19,0.67,1.42
20060128,-0.27,-0.47,0.81
20060202,-0.01,-0.67,0.58
20060207,0.87,-1.4,-0.36
20060212,1.37,-1.58,-1.11
20060217,1.72,-1.57,-1.77
20060222,1.19,-0.32,-2.06
20060227,-0.32,1.09,-0.59
20060304,-0.36,0.48,0.11
20060309,-0.04,-0.07,0.03
20060314,-0.54,0.47,0.34
20060319,0.36,-0.33,-0.36
20060324,0.21,-0.22,-0.11
20060329,-0.83,0.82,0.68
20060403,-0.54,0.11,0.81
20060408,0.4,-0.97,0.21
20060413,0.7,-0.6,-0.73
20060418,-0.3,0.72,-0.28
20060423,-0.46,0.42,0.32
20060428,-0.13,-0.11,0.17
20060503,-0.27,-0.22,0.64
20060508,0.49,-0.96,-0.06
20060513,0.69,-0.94,-0.47
20060518,1.76,-1.52,-1.64
20060523,0.39,-0.12,-0.71
20060528,-0.58,0.52,0.48
20060602,0.38,-0.73,0.1
20060607,1,-1.18,-0.66
20060612,1.1,-1.08,-1.15
20060617,0.22,0.09,-0.7
20060622,0.56,-0.11,-0.9
20060627,-1.14,1.38,0.63
20060702,-1.29,0.96,1.41
20060707,-0.87,0.21,1.3
20060712,-0.15,-0.24,0.5
20060717,-0.12,-0.1,0.22
20060722,-0.38,0.14,0.48
20060727,0.44,-0.51,-0.29
20060801,0.36,-0.04,-0.78
20060806,-1.05,1.21,0.47
20060811,-0.76,0.87,0.43
20060816,-0.08,-0.02,0.17
20060821,0.29,-0.67,0.09
20060826,0.77,-0.81,-0.64
20060831,0.5,-0.62,-0.44
20060905,0.96,-0.98,-0.81
20060910,0.63,-0.17,-0.97
20060915,0.26,0.08,-0.62
20060920,-0.42,0.62,0.01
20060925,-1.43,1.74,0.71
20060930,-1.94,1.97,1.37
20061005,-2.27,1.53,2.54
20061010,0.48,-1.49,0.61
20061015,2.26,-2.79,-1.4
20061020,2.56,-2.17,-2.66
20061025,1.08,-0.6,-1.47
20061030,0.02,-0.16,0.03
20061104,-0.22,-0.1,0.34
20061109,1.28,-1.43,-0.9
20061114,1.74,-1.82,-1.3
20061119,1.75,-1.03,-2.18
20061124,0.05,0.69,-0.75
20061129,-0.55,0.9,0.13
20061204,-0.19,0.12,0.25
20061209,0.45,-0.54,-0.15
20061214,0.7,-0.36,-0.95
20061219,0.9,0.04,-1.75
20061224,1.22,-0.18,-2.09
20061229,-0.3,1.33,-0.86
20070103,-1.58,1.73,1.07
20070108,-1.31,0.97,1.29
20070113,-1.06,0.83,0.99
20070118,-0.43,0.34,0.38
20070123,-0.55,0.55,0.38
20070128,-0.22,-0.11,0.39
20070202,-0.7,0.78,0.42
20070207,-0.08,0.05,0.03
20070212,0.74,-0.8,-0.52
20070217,1.29,-0.79,-1.46
20070222,0.53,0.23,-1.27
20070227,-1.23,1.76,0.42
20070304,-1.96,1.83,1.77
20070309,-0.37,0.12,0.62
20070314,-0.02,-0.12,0.2
20070319,-0.59,0.5,0.54
20070324,-1.02,0.78,0.95
20070329,-1.11,0.55,1.48
20070403,0.62,-1.1,-0.07
20070408,1.63,-1.66,-1.29
20070413,0.56,-0.62,-0.49
20070418,-0.04,-0.17,0.14
20070423,0.01,0.02,-0.08
20070428,0.1,0.09,-0.37
20070503,-0.76,0.76,0.52
20070508,-0.99,0.8,1.05
20070513,0.04,0,-0.21
20070518,-0.4,-0.1,0.89
20070523,1.13,-1.64,-0.41
20070528,1.47,-1.2,-1.47
20070602,1.9,-1.64,-1.89
20070607,1.07,-0.71,-1.43
20070612,0.72,-0.05,-1.34
20070617,0.16,0.78,-1.15
20070622,-0.52,0.97,-0.12
20070627,-1.25,1.33,0.9
20070702,-0.86,0.91,0.44
20070707,-1.16,0.96,1.17
20070712,0.96,-0.97,-0.85
20070717,1.42,-1.26,-1.33
20070722,2.09,-1.42,-2.46
20070727,0.69,-0.04,-1.44
20070801,-0.71,1.07,0.04
20070806,-0.11,0.38,-0.27
20070811,-0.4,0.36,0.27
20070816,0.33,0.06,-0.74
20070821,0.24,-0.05,-0.46
20070826,1.33,-1,-1.56
20070831,1.4,-0.58,-2.09
20070905,0.49,0.21,-1.28
20070910,-0.88,1.23,0.24
20070915,-0.77,0.94,0.42
20070920,-0.83,1.02,0.36
20070925,-0.74,1,0.25
20070930,-0.49,0.68,0.12
20071005,-0.05,-0.11,0.2
20071010,1.18,-1.49,-0.56
20071015,1.35,-1.42,-1.02
20071020,1.36,-1.03,-1.48
20071025,0.18,0.24,-0.72
20071030,-0.73,0.98,0.36
20071104,-0.45,0.77,-0.12
20071109,-0.88,0.86,0.68
20071114,-1.36,1.28,1
20071119,-1.36,1.03,1.33
20071124,-0.96,0.44,1.15
20071129,0.65,-1.43,0.17
20071204,2.87,-2.71,-2.7
20071209,0.82,0.11,-1.7
20071214,0.75,-0.04,-1.27
20071219,-0.05,0.69,-0.66
20071224,-1.7,2.08,1.02
20071229,-1.45,1.43,1.12
20080103,-1.29,1.2,0.99
20080108,-0.14,-0.34,0.47
20080113,-0.31,-0.18,0.54
20080118,-0.55,-0.03,0.88
20080123,0.26,0.17,-0.72
20080128,0.34,0.48,-1.04
20080202,0.2,0.47,-0.85
20080207,-0.63,1.28,-0.25
20080212,-1.01,1.09,0.82
20080217,0.61,-1.14,0.11
20080222,0.88,-0.85,-0.76
20080227,0.7,-0.57,-0.75
20080304,1.91,-1.79,-1.69
20080309,2.38,-1.82,-2.68
20080314,1.78,-0.87,-2.44
20080319,-0.11,0.78,-0.62
20080324,-1.65,1.77,1.26
20080329,-1.15,0.61,1.5
20080403,1.21,-1.63,-0.78
20080408,1.19,-1.12,-1.18
20080413,0.44,-0.14,-0.71
20080418,0.25,0.18,-0.71
20080423,0.42,-0.3,-0.5
20080428,-0.07,-0.12,0.18
20080503,-0.72,0.6,0.54
20080508,-1.01,0.68,1.07
20080513,0.03,-0.36,0.14
20080518,0.51,-1.35,0.27
20080523,2.07,-2.38,-1.46
20080528,0.93,-0.95,-0.78
20080602,1.14,-0.63,-1.54
20080607,0.5,0.04,-1.07
20080612,-0.24,0.51,-0.19
20080617,-0.18,0.06,0.13
20080622,0.6,-0.65,-0.53
20080627,1.1,-1.17,-0.96
20080702,1.65,-1.62,-1.46
20080707,1.35,-1.35,-1.14
20080712,1.49,-1.47,-1.27
20080717,1.19,-0.49,-1.81
20080722,0.27,0.29,-0.96
20080727,-0.06,0.19,-0.13
20080801,-0.58,0.67,0.28
20080806,-0.07,0.37,-0.31
20080811,0.55,-0.23,-0.82
20080816,1.15,-0.71,-1.51
20080821,1.23,-0.65,-1.69
20080826,1.64,-1.04,-2.09
20080831,1.1,-0.47,-1.68
20080905,0.53,0.12,-1.21
20080910,-0.67,1.2,-0.11
20080915,-1.05,1.05,0.82
20080920,-0.47,0.33,0.47
20080925,-0.35,0.03,0.52
20080930,1.45,-1.67,-1.05
20081005,1.45,-1.34,-1.34
20081010,1.33,-0.92,-1.58
20081015,1.22,-0.48,-1.76
20081020,0.14,0.82,-1.18
20081025,-1.35,2.11,0.27
20081030,-1.31,1.21,1.09
20081104,0.74,-0.6,-0.88
20081109,0.29,0.23,-0.97
20081114,-0.38,0.69,-0.02
20081119,0.21,0.1,-0.57
20081124,-0.63,0.45,0.67
20081129,0.45,-0.73,-0.23
20081204,0.69,-0.47,-0.97
20081209,0.15,0.24,-0.61
20081214,0.64,-0.55,-0.62
20081219,1.05,-1.03,-1.01
20081224,-0.12,0.49,-0.35
20081229,-0.84,0.79,0.61
20090103,-0.2,0.02,0.32
20090108,-0.66,0.39,0.68
20090113,-0.44,-0.3,1.04
20090118,1.99,-2.29,-1.44
20090123,1.45,-1.06,-1.71
20090128,0.56,-0.04,-1.04
20090202,-0.63,1.04,-0.03
20090207,-1.24,1.14,1.03
20090212,-0.06,-0.14,0.16
20090217,0.33,-0.46,-0.29
20090222,0.72,-0.54,-0.87
20090227,0.19,0.24,-0.71
20090304,-0.13,0.33,-0.14
20090309,0.36,-0.31,-0.49
20090314,0.44,-0.25,-0.68
20090319,-1.27,1.18,1.11
20090324,-0.27,-0.31,0.88
20090329,1.94,-2.22,-1.45
20090403,1.97,-1.38,-2.38
20090408,1.54,-0.56,-2.35
20090413,0.31,0.64,-1.33
20090418,-2.38,2.36,1.86
20090423,-2.12,1.53,2.21
20090428,-0.33,-0.42,0.93
20090503,1.29,-1.71,-0.73
20090508,0.4,-0.73,-0.25
20090513,0.49,-0.41,-0.55
20090518,0.33,-0.28,-0.44
20090523,0.53,-0.55,-0.42
20090528,0.03,-0.16,0.02
20090602,-1.36,1.11,1.16
20090607,-0.84,-0.08,1.61
20090612,0.81,-1.68,0.07
20090617,1.5,-1.9,-0.97
20090622,1.31,-1.6,-0.79
20090627,1.47,-1.62,-1.2
20090702,0.34,-0.45,-0.18
20090707,0.2,-0.4,-0.03
20090712,-0.3,0.62,-0.21
20090717,-1.13,1.02,0.93
20090722,-1.06,0.78,1.2
20090727,-1.42,1.01,1.44
20090801,-1.09,0.51,1.41
20090806,-0.24,-0.37,0.71
20090811,0.65,-0.9,-0.49
20090816,1.17,-1,-1.21
20090821,1.04,-1.23,-0.75
20090826,0.47,-0.63,-0.25
20090831,-0.11,0.22,-0.13
20090905,-1.42,1.63,0.72
20090910,-1.37,1.11,1.35
20090915,0.23,-0.05,-0.52
20090920,-1.29,1.23,0.98
20090925,-1.73,1.49,1.59
20090930,-1.11,1.03,0.87
20091005,-1.11,0.98,1.03
20091010,-0.51,0.02,0.83
20091015,0.53,-0.95,-0.07
20091020,0.52,-0.73,-0.33
20091025,0.71,-0.86,-0.58
20091030,1.52,-1.73,-1.05
20091104,2.46,-2.07,-2.42
20091109,0.56,0.41,-1.52
20091114,-0.33,0.84,-0.29
20091119,-1.6,1.92,1
20091124,-1.23,1.07,1.13
20091129,-1.2,0.85,1.25
20091204,-0.45,0.35,0.43
20091209,0.35,-0.32,-0.44
20091214,-1.12,1.07,0.97
20091219,0,-0.59,0.63
20091224,1.08,-1.07,-0.85
20091229,0.03,0.59,-0.59
20100103,-1.04,1.47,0.34
20100108,-1.15,1.15,0.92
20100113,-1.48,1.2,1.41
20100118,-1.93,1.62,1.84
20100123,-0.79,0.11,1.36
20100128,-0.56,-0.21,1.11
20100202,-0.33,-0.22,0.8
20100207,0.74,-1.11,-0.2
20100212,1.78,-1.83,-1.44
20100217,0,0.06,0.01
20100222,0.77,-0.89,-0.45
20100227,0.66,-0.66,-0.57
20100304,0.17,-0.08,-0.2
20100309,-0.06,-0.02,0.21
20100314,0.28,-0.34,-0.18
20100319,0.59,-0.33,-0.67
20100324,-0.38,0.7,0
20100329,-1.37,1.43,1.11
20100403,-0.62,0.23,0.93
20100408,0.38,-0.78,0.08
20100413,0.51,-0.64,-0.28
20100418,-0.26,0.43,0
20100423,-0.5,0.35,0.55
20100428,1.06,-1.28,-0.61
20100503,1.68,-1.07,-2.17
20100508,-0.44,1.01,-0.41
20100513,-0.46,0.84,0.03
20100518,0,0.01,-0.04
20100523,-0.51,0.07,0.88
20100528,1.07,-1.44,-0.43
20100602,1.01,-0.98,-0.98
20100607,1.07,-0.69,-1.35
20100612,1,-0.84,-1.09
20100617,1.34,-1.14,-1.36
20100622,1.42,-0.72,-1.95
20100627,0.73,-0.21,-1.26
20100702,1.1,-0.63,-1.42
20100707,0.9,-0.62,-1.14
20100712,1.84,-1.79,-1.65
20100717,2.37,-1.64,-2.79
20100722,1.13,-0.12,-2.18
20100727,0.31,0.53,-1.18
20100801,-0.21,0.48,-0.08
20100806,0.94,-0.81,-1.06
20100811,1.18,-0.9,-1.41
20100816,1.87,-1.18,-2.28
20100821,0.89,-0.16,-1.64
20100826,-0.37,0.61,-0.11
20100831,0.83,-0.57,-1
20100905,1.9,-1.1,-2.6
20100910,0.04,0.67,-0.94
20100915,0.4,0.15,-1.01
20100920,1.37,-1,-1.49
20100925,1.67,-1.08,-2.01
20100930,1.68,-0.85,-2.26
20101005,0.44,0.8,-1.71
20101010,-1.69,2.25,0.62
20101015,-0.71,0.75,0.35
20101020,-0.16,0.31,-0.22
20101025,-0.51,0.87,-0.07
20101030,0.06,0.5,-0.7
20101104,-0.33,0.65,-0.11
20101109,-0.66,0.58,0.57
20101114,0.61,-0.64,-0.54
20101119,0.46,-0.17,-0.73
20101124,0.56,-0.07,-1.03
20101129,0.24,0.29,-0.76
20101204,-0.11,0.84,-0.68
20101209,-0.92,1.25,0.4
20101214,-0.44,0.44,0.41
20101219,0.68,-0.74,-0.53
20101224,-0.48,0.83,0.05
20101229,-0.07,0.25,-0.08
20110103,0.45,-0.56,-0.32
20110108,-0.83,0.78,0.72
20110113,-1.46,1.25,1.45
20110118,-0.1,-0.53,0.68
20110123,0.23,-0.55,0.05
20110128,0.32,-0.07,-0.51
20110202,-0.06,0.4,-0.42
20110207,0.22,0.12,-0.59
20110212,0.35,0.22,-0.86
20110217,-0.1,0.3,-0.09
20110222,-1.19,1.07,0.95
20110227,0.19,0.09,-0.52
20110304,0.05,0.05,-0.23
20110309,1.08,-1.02,-0.92
20110314,1.11,-0.66,-1.47
20110319,0.07,0.24,-0.5
20110324,-1.55,2.06,0.75
20110329,-1.24,1.46,0.84
20110403,-1.46,1.09,1.52
20110408,-0.15,-0.16,0.46
20110413,-0.51,0.17,0.68
20110418,-0.08,-0.09,0.13
20110423,0.51,-0.43,-0.65
20110428,0.12,0.46,-0.83
20110503,-2.1,2.25,1.5
20110508,-1.62,1.04,1.85
20110513,0.16,-0.86,0.66
20110518,1.07,-1.21,-0.77
20110523,0.21,0.13,-0.68
20110528,-1.13,1.25,0.75
20110602,0.24,-0.26,-0.03
20110607,0.05,0.34,-0.59
20110612,-1.43,1.87,0.6
20110617,-0.61,0.47,0.72
20110622,-0.06,0.06,-0.07
20110627,-0.46,0.67,0.11
20110702,-0.09,0.14,0.02
20110707,-0.09,-0.05,0.16
20110712,1.41,-1.4,-1.19
20110717,0.05,0.24,-0.49
20110722,-1.55,1.58,1.03
20110727,-0.23,0,0.38
20110801,0.36,-0.38,-0.3
20110806,-0.49,0.39,0.39
20110811,0.39,-0.48,-0.31
20110816,1.3,-1.01,-1.42
20110821,1.03,-0.83,-1.06
20110826,1.31,-0.58,-1.9
20110831,-0.46,0.78,-0.06
20110905,-0.6,0.86,0.17
20110910,0.03,0.36,-0.4
20110915,0.06,0.1,-0.28
20110920,-1.21,1.43,0.72
20110925,-0.9,1.05,0.46
20110930,-1.49,1.34,1.27
20111005,-0.51,0.24,0.66
20111010,0.73,-1.02,-0.31
20111015,2.33,-2.22,-2.07
20111020,2.89,-2.08,-3.28
20111025,0.83,-0.08,-1.6
20111030,-0.08,0.95,-0.73
20111104,-0.83,1.53,-0.07
20111109,-1.27,1,1.39
20111114,0.05,-0.29,0.17
20111119,1.08,-0.77,-1.24
20111124,1.21,-0.26,-1.97
20111129,-0.52,1.45,-0.45
20111204,-2.04,2.29,1.39
20111209,-1.4,1.3,1.21
20111214,-0.5,0.65,0.32
20111219,-0.44,0.74,0.05
20111224,-1.02,1.47,0.39
20111229,-1,0.94,0.82
20120103,-0.16,-0.06,0.29
20120108,-0.54,0.43,0.5
20120113,-0.52,0.66,0.33
20120118,-0.31,0.52,0.02
20120123,-0.65,0.8,0.37
20120128,-0.88,0.54,0.97
20120202,-1.47,0.85,1.83
20120207,0.71,-1.65,0.39
20120212,1.25,-1.53,-0.81
20120217,1.35,-0.99,-1.59
20120222,1.02,-0.51,-1.39
20120227,0.77,-0.1,-1.35
20120304,-0.9,1.92,-0.27
20120309,-1.51,2.16,0.6
20120314,-1.5,1.64,1.07
20120319,-2.11,1.43,2.49
20120324,-0.52,-0.08,1.02
20120329,-0.64,0.45,0.61
20120403,-0.88,0.26,1.42
20120408,0.89,-1.45,-0.08
20120413,1.27,-1.31,-1.04
20120418,0.42,0.08,-0.89
20120423,-1.09,1.23,0.72
20120428,-0.91,0.72,1.03
20120503,-0.8,0.69,0.78
20120508,-1.28,0.97,1.29
20120513,-1.33,0.97,1.45
20120518,-0.82,0.42,1.09
20120523,-0.28,0.17,0.28
20120528,-0.75,0.77,0.41
20120602,-0.82,1.15,0.17
20120607,-1.99,2.01,1.57
20120612,-0.85,0.07,1.51
20120617,0.87,-1.18,-0.44
20120622,0.71,-0.98,-0.49
20120627,0.17,-0.1,-0.45
20120702,-0.17,0.43,-0.29
20120707,-0.39,0.63,0.09
20120712,0.31,-0.16,-0.54
20120717,-0.56,0.65,0.2
20120722,-1.42,1.49,0.99
20120727,-1.47,1.12,1.48
20120801,-1.24,0.77,1.36
20120806,-0.8,0.16,1.14
20120811,0.49,-0.98,0.12
20120816,0.66,-0.87,-0.32
20120821,0.17,0.09,-0.57
20120826,-0.35,0.89,-0.31
20120831,-0.69,0.82,0.39
20120905,-0.45,0.86,-0.18
20120910,-1.42,1.53,0.91
20120915,-0.68,0.59,0.59
20120920,-0.62,0.74,0.23
20120925,-0.76,0.91,0.45
20120930,-1.92,1.54,1.87
20121005,-1.15,0.7,1.3
20121010,0.13,-0.33,0.1
20121015,0.9,-1.06,-0.54
20121020,1.48,-1.38,-1.38
20121025,0.94,-0.51,-1.22
20121030,1.29,-0.72,-1.76
20121104,-0.07,0.85,-0.84
20121109,-0.81,1.08,0.36
20121114,-0.84,0.78,0.73
20121119,-0.86,0.76,0.76
20121124,-0.27,0.34,0.09
20121129,0.88,-0.69,-0.85
20121204,0.44,-0.19,-0.69
20121209,-0.58,0.8,0.19
20121214,0.76,-0.66,-0.7
20121219,-0.02,0.18,-0.19
20121224,-0.26,0.66,-0.09
20121229,-0.65,1.1,0.09
20130103,-1.35,1.67,0.71
20130108,-2.5,2.61,1.89
20130113,-0.84,0.19,1.21
20130118,-0.61,0.18,0.78
20130123,-0.74,0.45,0.81
20130128,-0.39,0.07,0.46
20130202,0.56,-0.57,-0.57
20130207,0.23,-0.3,-0.05
20130212,0.82,-0.51,-1.02
20130217,-1.13,1.67,0.24
20130222,-1.06,1.27,0.7
20130227,-1.3,0.79,1.48
20130304,-0.51,-0.1,0.97
20130309,-0.7,0.41,0.74
20130314,-0.69,0.3,1.01
20130319,1.09,-1.43,-0.42
20130324,0.73,-0.64,-0.76
20130329,-0.57,0.89,0.1
20130403,-0.7,1.08,0.29
20130408,-0.8,1.31,0.04
20130413,-1.14,1.19,0.82
20130418,-0.75,0.45,1
20130423,-0.74,0.43,0.81
20130428,-0.11,-0.11,0.26
20130503,1.43,-1.22,-1.31
20130508,0.93,-0.1,-1.69
20130513,-1.02,1.11,0.71
20130518,-0.16,0,0.23
20130523,-0.18,0.01,0.35
20130528,0.41,-0.5,-0.24
20130602,-0.15,0.27,-0.12
20130607,-0.54,0.88,0.07
20130612,-1.1,1.57,0.41
20130617,-1.88,1.86,1.49
20130622,-0.66,0.13,1.08
20130627,0.91,-1.27,-0.51
20130702,1.36,-1.14,-1.46
20130707,0.99,-0.62,-1.32
20130712,-0.13,0.56,-0.44
20130717,-0.8,0.97,0.44
20130722,-0.32,0.24,0.32
20130727,-0.52,0.59,0.21
20130801,-0.78,1.22,0.1
20130806,-0.39,0.34,0.33
20130811,-0.04,0.1,-0.07
20130816,0.08,-0.22,-0.01
20130821,-0.31,-0.14,0.66
20130826,0.15,-0.5,0.31
20130831,1.46,-1.31,-1.39
20130905,1.39,-0.86,-1.69
20130910,0.11,0.31,-0.55
20130915,-1.37,1.61,0.84
20130920,-1.74,1.66,1.53
20130925,-1.72,1.52,1.55
20130930,-1.33,1.07,1.36
20131005,-1.68,1.44,1.41
20131010,-1,0.65,1.16
20131015,0.01,-0.31,0.36
20131020,0.02,-0.1,0.03
20131025,-0.75,0.64,0.71
20131030,0.34,-0.66,0.07
20131104,1.04,-0.82,-1.15
20131109,-0.08,0.59,-0.5
20131114,-0.52,0.83,0.15
20131119,-0.25,0.36,0.07
20131124,-0.57,0.66,0.27
20131129,-0.55,0.42,0.58
20131204,0.86,-0.5,-1.14
20131209,0.18,0.48,-0.89
20131214,-0.28,0.79,-0.21
20131219,-0.63,0.74,0.41
20131224,-0.89,0.87,0.71
20131229,-1.41,1.39,1.17
20140103,-1.49,1.41,1.39
20140108,-0.76,0.6,0.83
20140113,-1.11,1.16,0.8
20140118,-1.22,1.07,1.19
20140123,-0.23,-0.19,0.52
20140128,-0.53,0.4,0.49
20140202,0.08,-0.31,0.12
20140207,-0.27,0.76,-0.16
20140212,-1.14,1.23,0.94
20140217,-1.75,1.23,2.01
20140222,-0.94,0.36,1.43
20140227,0.07,-0.5,0.39
20140304,0.5,-0.89,-0.01
20140309,0.88,-1.18,-0.5
20140314,0.08,0.03,-0.14
20140319,-1.24,1.13,1.13
20140324,-0.22,-0.01,0.53
20140329,-0.13,0.28,-0.04
20140403,-0.81,1.34,0.12
20140408,-2.99,2.75,2.62
20140413,-2.23,1.62,2.36
20140418,-1.65,1.05,2
20140423,-0.79,0.21,1.22
20140428,-0.15,-0.31,0.59
20140503,1.08,-1.54,-0.39
20140508,1.69,-1.62,-1.54
20140513,-0.96,1.1,0.55
20140518,-0.43,0.29,0.5
20140523,0.41,-0.66,-0.14
20140528,0.6,-0.52,-0.58
20140602,-0.01,0.12,-0.16
20140607,-0.56,0.56,0.43
20140612,-1.3,1.54,0.85
20140617,-1.85,1.68,1.67
20140622,-1.59,0.94,2
20140627,-0.51,-0.14,1.15
20140702,0.07,-0.35,0.1
20140707,-0.53,0.62,0.29
20140712,-1.63,1.12,2
20140717,-0.95,0.3,1.46
20140722,-1.99,1.32,2.29
20140727,-0.89,0.15,1.5
20140801,0.48,-0.75,-0.22
20140806,0.41,-0.55,-0.18
20140811,0.48,-0.57,-0.31
20140816,0.71,-0.93,-0.4
20140821,1.54,-1.59,-1.26
20140826,0.74,-0.48,-0.8
20140831,-0.5,0.74,0.1
20140905,-1.44,1.59,1
20140910,-1.29,1.07,1.33
20140915,0.44,-0.51,-0.28
20140920,0.37,-0.38,-0.31
20140925,-0.65,0.59,0.49
20140930,-1.3,1.25,1.11
20141005,-1.15,0.99,1.1
20141010,-0.4,-0.02,0.81
20141015,0.58,-0.75,-0.26
20141020,0.96,-0.79,-0.94
20141025,0.32,-0.2,-0.39
20141030,-0.13,0.33,-0.17
20141104,-0.87,0.86,0.7
20141109,0.61,-0.84,-0.23
20141114,1.45,-1.38,-1.28
20141119,0.54,-0.14,-0.93
20141124,-0.18,0.91,-0.57
20141129,-1.92,2.41,1.05
20141204,-1.82,1.54,1.76
20141209,-0.15,-0.17,0.49
20141214,0.24,-0.31,-0.15
20141219,0,0.42,-0.5
20141224,-0.68,1.23,0
20141229,-1.58,1.8,1
20150103,-2.06,1.92,1.73
20150108,-2.54,2.15,2.46
20150113,-0.93,0.33,1.44
20150118,-0.4,-0.07,0.92
20150123,-0.79,0.42,1.06
20150128,-0.93,0.74,0.87
20150202,-0.91,0.52,1.14
20150207,0.8,-1.12,-0.32
20150212,0.67,-0.78,-0.58
20150217,-0.31,0.35,0.28
20150222,-0.01,-0.52,0.54
20150227,-0.67,0.46,0.73
20150304,-1.87,2.14,1.22
20150309,-3.19,3.02,2.81
20150314,-1.06,-0.3,2.31
20150319,1.54,-2.48,-0.22
20150324,1.1,-1.3,-0.82
20150329,0.25,-0.07,-0.37
20150403,-1.17,1.46,0.68
20150408,-1.39,1.32,1.33
20150413,-0.35,0.11,0.63
20150418,-0.53,0.47,0.56
20150423,-1.17,1.08,1.08
20150428,-1.16,0.72,1.51
20150503,-1,0.5,1.3
20150508,-1.26,1.05,1.26
20150513,-1.1,0.32,1.87
20150518,-0.3,-0.31,0.91
20150523,-0.36,-0.06,0.73
20150528,0.19,-0.65,0.42
20150602,0.79,-1.13,-0.26
20150607,1.43,-1.11,-1.41
20150612,-0.48,1.14,-0.28
20150617,-1.77,1.82,1.37
20150622,-2.49,2.37,2.18
20150627,-2.74,1.86,3.23
20150702,-1.67,0.3,2.73
20150707,0.18,-1.58,1.41
20150712,0.58,-1.46,0.44
20150717,1.37,-1.77,-0.66
20150722,0.44,-0.64,-0.18
20150727,-0.31,-0.05,0.56
20150801,-0.41,0.11,0.64
20150806,-0.24,0.03,0.25
20150811,-0.62,0.02,1.23
20150816,0.05,-0.56,0.54
20150821,0.42,-0.92,0.14
20150826,0.4,-0.84,0.15
20150831,0.02,-0.39,0.38
20150905,0.56,-0.92,-0.1
20150910,-0.36,-0.03,0.79
20150915,0.2,-0.36,-0.04
20150920,-0.3,0.01,0.51
20150925,-0.86,0.14,1.52
20150930,-0.17,-0.61,1.05
20151005,-0.6,-0.12,1.27
20151010,-0.75,-0.14,1.58
20151015,-0.2,-0.64,1.03
20151020,0.36,-1.01,0.39
20151025,1.51,-1.48,-1.12
20151030,1.45,-1.09,-1.56
20151104,0.7,-0.32,-0.94
20151109,-0.28,0.51,0.09
20151114,0.08,0.08,-0.22
20151119,0.53,-0.39,-0.44
20151124,-0.59,0.65,0.43
20151129,-1.51,1.56,1.19
20151204,-0.68,0.43,0.98
20151209,-0.3,0.38,0.29
20151214,-1.21,1.39,0.86
20151219,-2.33,2.43,1.85
20151224,-2.02,1.3,2.42
20151229,-1.6,0.74,2.17
